location_id,district,block,panchayat,date,rainfall_mm,temp_c,humidity_pct,soil_moisture_pct,wind_speed_kmh
1,Chengalpattu,Tambaram,Kadaperi,2026-04-01,6.9,31.2,69.5,63.4,18.8
1,Chengalpattu,Tambaram,Kadaperi,2026-04-02,11.8,32.1,65.6,50.5,16.1
1,Chengalpattu,Tambaram,Kadaperi,2026-04-03,0.0,29.3,61.5,39.3,11.5
1,Chengalpattu,Tambaram,Kadaperi,2026-04-04,0.0,31.2,42.2,42.8,19.2
1,Chengalpattu,Tambaram,Kadaperi,2026-04-05,68.1,30.5,83.7,67.1,9.5
1,Chengalpattu,Tambaram,Kadaperi,2026-04-06,0.0,32.2,66.2,46.4,16.6
1,Chengalpattu,Tambaram,Kadaperi,2026-04-07,0.0,32.7,58.6,35.0,17.9
1,Chengalpattu,Tambaram,Kadaperi,2026-04-08,0.0,32.4,63.1,32.3,11.6
1,Chengalpattu,Tambaram,Kadaperi,2026-04-09,5.7,30.6,67.0,51.9,18.2
1,Chengalpattu,Tambaram,Kadaperi,2026-04-10,0.0,30.9,48.3,37.6,23.0
1,Chengalpattu,Tambaram,Kadaperi,2026-04-11,0.0,31.9,47.1,42.4,10.6
1,Chengalpattu,Tambaram,Kadaperi,2026-04-12,0.0,31.1,61.2,43.3,19.0
1,Chengalpattu,Tambaram,Kadaperi,2026-04-13,0.0,32.7,48.9,42.2,13.0
1,Chengalpattu,Tambaram,Kadaperi,2026-04-14,0.0,30.8,70.3,35.3,13.0
1,Chengalpattu,Tambaram,Kadaperi,2026-04-15,0.0,32.2,69.4,34.8,12.2
1,Chengalpattu,Tambaram,Kadaperi,2026-04-16,0.0,30.9,49.9,37.5,22.4
1,Chengalpattu,Tambaram,Kadaperi,2026-04-17,0.0,31.4,71.9,39.1,9.5
1,Chengalpattu,Tambaram,Kadaperi,2026-04-18,21.3,30.3,91.5,74.7,9.0
1,Chengalpattu,Tambaram,Kadaperi,2026-04-19,0.0,31.5,57.9,45.8,21.8
1,Chengalpattu,Tambaram,Kadaperi,2026-04-20,0.0,30.3,62.5,45.2,12.3
1,Chengalpattu,Tambaram,Kadaperi,2026-04-21,12.3,32.5,74.1,68.8,22.0
1,Chengalpattu,Tambaram,Kadaperi,2026-04-22,0.0,31.3,47.4,37.5,21.9
1,Chengalpattu,Tambaram,Kadaperi,2026-04-23,0.0,31.5,60.3,34.9,20.2
1,Chengalpattu,Tambaram,Kadaperi,2026-04-24,0.0,32.3,57.9,36.0,13.2
1,Chengalpattu,Tambaram,Kadaperi,2026-04-25,0.0,30.7,68.4,43.0,12.9
1,Chengalpattu,Tambaram,Kadaperi,2026-04-26,0.0,30.8,70.4,40.5,15.8
1,Chengalpattu,Tambaram,Kadaperi,2026-04-27,0.0,30.9,65.0,42.8,15.6
1,Chengalpattu,Tambaram,Kadaperi,2026-04-28,0.0,32.6,68.2,32.5,11.4
1,Chengalpattu,Tambaram,Kadaperi,2026-04-29,0.0,32.6,48.0,33.9,23.9
1,Chengalpattu,Tambaram,Kadaperi,2026-04-30,0.0,33.0,57.5,34.7,11.6
1,Chengalpattu,Tambaram,Kadaperi,2026-05-01,0.0,32.0,48.9,37.3,9.1
1,Chengalpattu,Tambaram,Kadaperi,2026-05-02,0.0,33.1,69.2,43.2,9.1
1,Chengalpattu,Tambaram,Kadaperi,2026-05-03,0.0,31.8,48.4,40.8,23.0
1,Chengalpattu,Tambaram,Kadaperi,2026-05-04,0.0,33.0,65.5,46.8,11.0
1,Chengalpattu,Tambaram,Kadaperi,2026-05-05,0.0,31.4,54.7,32.8,19.7
1,Chengalpattu,Tambaram,Kadaperi,2026-05-06,0.0,33.4,45.0,34.4,13.4
1,Chengalpattu,Tambaram,Kadaperi,2026-05-07,0.0,34.1,47.7,36.7,14.8
1,Chengalpattu,Tambaram,Kadaperi,2026-05-08,0.0,32.2,69.7,38.7,21.8
1,Chengalpattu,Tambaram,Kadaperi,2026-05-09,148.0,33.1,92.2,87.3,22.8
1,Chengalpattu,Tambaram,Kadaperi,2026-05-10,14.4,34.2,69.3,55.0,8.9
1,Chengalpattu,Tambaram,Kadaperi,2026-05-11,0.0,32.7,50.0,46.7,15.3
1,Chengalpattu,Tambaram,Kadaperi,2026-05-12,0.0,32.8,71.9,33.3,19.5
1,Chengalpattu,Tambaram,Kadaperi,2026-05-13,0.0,32.0,71.1,35.5,16.7
1,Chengalpattu,Tambaram,Kadaperi,2026-05-14,19.0,34.0,86.5,84.6,10.5
1,Chengalpattu,Tambaram,Kadaperi,2026-05-15,4.4,34.7,76.9,61.9,11.8
1,Chengalpattu,Tambaram,Kadaperi,2026-05-16,0.0,32.0,49.4,41.6,17.9
1,Chengalpattu,Tambaram,Kadaperi,2026-05-17,0.0,33.0,57.7,45.6,11.3
1,Chengalpattu,Tambaram,Kadaperi,2026-05-18,0.0,34.1,53.9,46.0,12.8
1,Chengalpattu,Tambaram,Kadaperi,2026-05-19,0.0,32.8,44.2,32.7,24.0
1,Chengalpattu,Tambaram,Kadaperi,2026-05-20,5.2,35.1,70.3,68.3,22.1
1,Chengalpattu,Tambaram,Kadaperi,2026-05-21,0.0,34.7,46.7,39.0,19.3
1,Chengalpattu,Tambaram,Kadaperi,2026-05-22,0.0,33.9,61.6,36.0,21.1
1,Chengalpattu,Tambaram,Kadaperi,2026-05-23,0.0,32.9,70.2,38.8,9.8
1,Chengalpattu,Tambaram,Kadaperi,2026-05-24,0.0,32.3,50.2,43.6,19.5
1,Chengalpattu,Tambaram,Kadaperi,2026-05-25,0.0,32.6,49.9,44.9,22.5
1,Chengalpattu,Tambaram,Kadaperi,2026-05-26,11.9,34.8,70.5,45.1,20.3
1,Chengalpattu,Tambaram,Kadaperi,2026-05-27,0.0,34.1,64.2,35.3,14.8
1,Chengalpattu,Tambaram,Kadaperi,2026-05-28,46.4,32.0,93.4,77.5,21.4
1,Chengalpattu,Tambaram,Kadaperi,2026-05-29,2.9,34.0,71.2,67.5,20.7
1,Chengalpattu,Tambaram,Kadaperi,2026-05-30,0.0,34.9,48.3,39.5,9.6
1,Chengalpattu,Tambaram,Kadaperi,2026-05-31,0.0,34.7,54.2,43.7,10.5
1,Chengalpattu,Tambaram,Kadaperi,2026-06-01,0.0,35.2,71.3,46.9,22.1
1,Chengalpattu,Tambaram,Kadaperi,2026-06-02,0.0,32.2,52.0,35.6,20.8
1,Chengalpattu,Tambaram,Kadaperi,2026-06-03,0.0,35.0,50.0,36.7,9.7
1,Chengalpattu,Tambaram,Kadaperi,2026-06-04,0.0,35.1,48.7,38.9,15.4
1,Chengalpattu,Tambaram,Kadaperi,2026-06-05,0.0,33.2,48.8,36.1,11.1
1,Chengalpattu,Tambaram,Kadaperi,2026-06-06,0.0,33.3,71.0,39.7,18.3
1,Chengalpattu,Tambaram,Kadaperi,2026-06-07,0.0,33.5,58.1,45.6,9.8
1,Chengalpattu,Tambaram,Kadaperi,2026-06-08,70.9,35.4,82.5,67.5,15.0
1,Chengalpattu,Tambaram,Kadaperi,2026-06-09,0.0,34.7,60.2,33.1,14.2
1,Chengalpattu,Tambaram,Kadaperi,2026-06-10,0.0,34.2,63.3,32.0,22.8
1,Chengalpattu,Tambaram,Kadaperi,2026-06-11,0.0,34.1,64.3,38.0,13.8
1,Chengalpattu,Tambaram,Kadaperi,2026-06-12,0.0,32.5,51.9,37.9,21.6
1,Chengalpattu,Tambaram,Kadaperi,2026-06-13,0.0,34.7,51.3,40.5,14.4
1,Chengalpattu,Tambaram,Kadaperi,2026-06-14,11.8,33.3,83.8,61.9,22.4
1,Chengalpattu,Tambaram,Kadaperi,2026-06-15,0.0,34.3,58.4,42.0,12.6
1,Chengalpattu,Tambaram,Kadaperi,2026-06-16,0.0,33.7,61.6,32.8,15.1
1,Chengalpattu,Tambaram,Kadaperi,2026-06-17,0.0,33.0,69.0,36.8,10.7
1,Chengalpattu,Tambaram,Kadaperi,2026-06-18,0.0,32.6,61.0,36.0,21.1
1,Chengalpattu,Tambaram,Kadaperi,2026-06-19,0.0,34.8,48.7,37.2,8.4
1,Chengalpattu,Tambaram,Kadaperi,2026-06-20,0.0,33.1,67.5,38.4,14.6
1,Chengalpattu,Tambaram,Kadaperi,2026-06-21,0.0,34.4,62.9,43.0,11.9
1,Chengalpattu,Tambaram,Kadaperi,2026-06-22,30.0,34.5,91.1,67.5,14.8
1,Chengalpattu,Tambaram,Kadaperi,2026-06-23,0.0,32.9,57.5,30.3,12.0
1,Chengalpattu,Tambaram,Kadaperi,2026-06-24,0.0,35.1,66.0,36.0,23.8
1,Chengalpattu,Tambaram,Kadaperi,2026-06-25,0.0,34.3,68.7,37.7,19.5
1,Chengalpattu,Tambaram,Kadaperi,2026-06-26,0.0,34.0,58.4,41.4,19.9
1,Chengalpattu,Tambaram,Kadaperi,2026-06-27,0.0,33.9,49.4,41.8,20.3
1,Chengalpattu,Tambaram,Kadaperi,2026-06-28,0.0,34.0,50.2,40.5,12.6
1,Chengalpattu,Tambaram,Kadaperi,2026-06-29,0.0,33.2,58.2,42.8,11.7
1,Chengalpattu,Tambaram,Kadaperi,2026-06-30,0.0,34.6,43.9,32.4,16.7
1,Chengalpattu,Tambaram,Kadaperi,2026-07-01,0.0,33.6,54.6,37.4,17.3
1,Chengalpattu,Tambaram,Kadaperi,2026-07-02,0.0,34.5,65.0,36.3,8.1
1,Chengalpattu,Tambaram,Kadaperi,2026-07-03,0.0,33.4,67.6,41.7,14.7
1,Chengalpattu,Tambaram,Kadaperi,2026-07-04,0.0,34.7,60.1,39.3,11.5
1,Chengalpattu,Tambaram,Kadaperi,2026-07-05,8.8,33.6,78.6,55.1,10.6
1,Chengalpattu,Tambaram,Kadaperi,2026-07-06,21.0,33.7,78.5,74.1,17.0
1,Chengalpattu,Tambaram,Kadaperi,2026-07-07,0.0,32.3,46.1,32.8,8.8
1,Chengalpattu,Tambaram,Kadaperi,2026-07-08,0.0,33.4,51.8,36.6,14.1
1,Chengalpattu,Tambaram,Kadaperi,2026-07-09,0.0,34.6,49.6,34.5,8.3
1,Chengalpattu,Tambaram,Kadaperi,2026-07-10,0.0,33.9,52.5,39.9,20.5
1,Chengalpattu,Tambaram,Kadaperi,2026-07-11,0.0,34.2,70.5,39.2,8.3
1,Chengalpattu,Tambaram,Kadaperi,2026-07-12,23.9,32.6,87.6,70.0,19.2
1,Chengalpattu,Tambaram,Kadaperi,2026-07-13,20.2,34.6,90.7,67.6,21.1
1,Chengalpattu,Tambaram,Kadaperi,2026-07-14,0.6,35.2,71.2,61.9,23.3
1,Chengalpattu,Tambaram,Kadaperi,2026-07-15,0.0,33.3,44.3,36.1,18.0
1,Chengalpattu,Tambaram,Kadaperi,2026-07-16,0.0,32.3,67.5,37.6,9.9
1,Chengalpattu,Tambaram,Kadaperi,2026-07-17,0.0,35.2,52.4,38.6,13.9
1,Chengalpattu,Tambaram,Kadaperi,2026-07-18,0.0,33.6,67.5,42.9,9.7
1,Chengalpattu,Tambaram,Kadaperi,2026-07-19,0.0,35.0,66.9,44.2,15.0
1,Chengalpattu,Tambaram,Kadaperi,2026-07-20,0.0,34.2,50.1,46.8,16.6
1,Chengalpattu,Tambaram,Kadaperi,2026-07-21,0.0,33.4,63.9,31.6,21.6
1,Chengalpattu,Tambaram,Kadaperi,2026-07-22,46.1,34.5,82.1,75.7,17.8
1,Chengalpattu,Tambaram,Kadaperi,2026-07-23,41.1,33.0,81.1,69.9,20.8
1,Chengalpattu,Tambaram,Kadaperi,2026-07-24,0.0,32.8,63.0,37.7,8.2
1,Chengalpattu,Tambaram,Kadaperi,2026-07-25,27.5,34.8,86.3,82.4,19.0
1,Chengalpattu,Tambaram,Kadaperi,2026-07-26,0.0,33.7,65.8,40.6,11.5
1,Chengalpattu,Tambaram,Kadaperi,2026-07-27,0.0,33.8,59.4,44.8,16.5
1,Chengalpattu,Tambaram,Kadaperi,2026-07-28,0.0,32.9,51.9,34.2,12.3
1,Chengalpattu,Tambaram,Kadaperi,2026-07-29,4.6,32.3,67.4,58.4,20.2
1,Chengalpattu,Tambaram,Kadaperi,2026-07-30,0.0,32.0,56.5,38.3,23.6
1,Chengalpattu,Tambaram,Kadaperi,2026-07-31,0.0,33.1,45.0,37.2,11.6
1,Chengalpattu,Tambaram,Kadaperi,2026-08-01,16.5,31.9,82.7,87.4,16.9
1,Chengalpattu,Tambaram,Kadaperi,2026-08-02,43.8,33.6,86.3,85.1,17.2
1,Chengalpattu,Tambaram,Kadaperi,2026-08-03,0.0,32.8,47.5,42.3,23.1
1,Chengalpattu,Tambaram,Kadaperi,2026-08-04,0.0,32.8,54.0,30.4,18.1
1,Chengalpattu,Tambaram,Kadaperi,2026-08-05,17.9,31.3,83.2,87.9,9.9
1,Chengalpattu,Tambaram,Kadaperi,2026-08-06,0.0,33.6,65.7,35.4,16.4
1,Chengalpattu,Tambaram,Kadaperi,2026-08-07,0.0,32.5,67.8,41.9,12.9
1,Chengalpattu,Tambaram,Kadaperi,2026-08-08,0.0,33.1,64.2,43.7,11.3
1,Chengalpattu,Tambaram,Kadaperi,2026-08-09,0.0,31.6,46.7,41.0,9.2
1,Chengalpattu,Tambaram,Kadaperi,2026-08-10,0.0,30.9,59.8,43.7,11.7
1,Chengalpattu,Tambaram,Kadaperi,2026-08-11,0.0,33.2,55.6,34.1,22.8
1,Chengalpattu,Tambaram,Kadaperi,2026-08-12,0.0,33.4,61.8,37.6,14.8
1,Chengalpattu,Tambaram,Kadaperi,2026-08-13,0.0,32.5,69.3,39.0,9.1
1,Chengalpattu,Tambaram,Kadaperi,2026-08-14,29.9,31.2,87.7,71.6,10.0
1,Chengalpattu,Tambaram,Kadaperi,2026-08-15,0.0,32.9,70.3,41.0,15.9
1,Chengalpattu,Tambaram,Kadaperi,2026-08-16,12.2,30.8,71.4,51.3,9.5
1,Chengalpattu,Tambaram,Kadaperi,2026-08-17,0.0,33.7,59.3,47.7,24.0
1,Chengalpattu,Tambaram,Kadaperi,2026-08-18,0.9,32.7,80.1,56.8,18.4
1,Chengalpattu,Tambaram,Kadaperi,2026-08-19,19.0,33.4,88.8,76.3,9.5
1,Chengalpattu,Tambaram,Kadaperi,2026-08-20,24.0,31.5,92.6,72.6,19.1
1,Chengalpattu,Tambaram,Kadaperi,2026-08-21,0.0,31.2,66.4,39.3,15.3
1,Chengalpattu,Tambaram,Kadaperi,2026-08-22,75.9,31.3,84.9,76.8,23.8
1,Chengalpattu,Tambaram,Kadaperi,2026-08-23,0.0,32.3,54.4,41.1,13.8
1,Chengalpattu,Tambaram,Kadaperi,2026-08-24,0.0,32.6,64.8,43.2,16.8
1,Chengalpattu,Tambaram,Kadaperi,2026-08-25,0.0,33.1,62.9,30.7,23.6
1,Chengalpattu,Tambaram,Kadaperi,2026-08-26,3.7,32.0,76.0,58.8,9.5
1,Chengalpattu,Tambaram,Kadaperi,2026-08-27,0.0,33.2,55.8,34.7,21.3
1,Chengalpattu,Tambaram,Kadaperi,2026-08-28,0.0,31.5,57.3,37.6,21.4
1,Chengalpattu,Tambaram,Kadaperi,2026-08-29,17.3,33.0,84.5,86.2,16.1
1,Chengalpattu,Tambaram,Kadaperi,2026-08-30,0.0,32.6,50.3,44.7,14.6
1,Chengalpattu,Tambaram,Kadaperi,2026-08-31,0.0,32.7,66.6,43.7,12.8
1,Chengalpattu,Tambaram,Kadaperi,2026-09-01,0.0,31.5,56.7,30.9,16.6
1,Chengalpattu,Tambaram,Kadaperi,2026-09-02,0.0,30.7,58.3,34.7,13.1
1,Chengalpattu,Tambaram,Kadaperi,2026-09-03,0.0,30.1,59.2,35.4,20.4
1,Chengalpattu,Tambaram,Kadaperi,2026-09-04,0.0,29.5,63.2,40.9,14.2
1,Chengalpattu,Tambaram,Kadaperi,2026-09-05,0.0,31.5,71.4,41.0,8.6
1,Chengalpattu,Tambaram,Kadaperi,2026-09-06,0.0,30.9,68.1,45.2,15.0
1,Chengalpattu,Tambaram,Kadaperi,2026-09-07,0.0,30.9,63.7,44.5,18.5
1,Chengalpattu,Tambaram,Kadaperi,2026-09-08,0.0,29.6,71.1,32.0,19.1
1,Chengalpattu,Tambaram,Kadaperi,2026-09-09,0.0,31.2,67.6,37.2,14.1
1,Chengalpattu,Tambaram,Kadaperi,2026-09-10,0.0,30.0,64.8,39.2,8.6
1,Chengalpattu,Tambaram,Kadaperi,2026-09-11,0.0,29.1,69.6,42.0,19.9
1,Chengalpattu,Tambaram,Kadaperi,2026-09-12,21.7,30.3,92.8,75.2,19.1
1,Chengalpattu,Tambaram,Kadaperi,2026-09-13,34.4,31.8,83.0,73.6,10.3
1,Chengalpattu,Tambaram,Kadaperi,2026-09-14,0.0,30.5,65.8,43.0,9.3
1,Chengalpattu,Tambaram,Kadaperi,2026-09-15,0.0,31.5,49.2,35.5,10.3
1,Chengalpattu,Tambaram,Kadaperi,2026-09-16,6.4,30.1,65.2,65.1,22.4
1,Chengalpattu,Tambaram,Kadaperi,2026-09-17,12.6,30.7,71.9,59.7,18.2
1,Chengalpattu,Tambaram,Kadaperi,2026-09-18,40.3,29.8,81.4,73.8,15.7
1,Chengalpattu,Tambaram,Kadaperi,2026-09-19,0.0,29.1,59.2,44.0,12.7
1,Chengalpattu,Tambaram,Kadaperi,2026-09-20,0.0,31.5,50.2,43.4,19.0
1,Chengalpattu,Tambaram,Kadaperi,2026-09-21,20.1,30.7,86.4,85.8,12.6
1,Chengalpattu,Tambaram,Kadaperi,2026-09-22,0.0,30.8,52.6,33.8,17.9
1,Chengalpattu,Tambaram,Kadaperi,2026-09-23,0.0,30.3,61.8,37.0,18.1
1,Chengalpattu,Tambaram,Kadaperi,2026-09-24,0.0,31.0,51.3,36.6,17.3
1,Chengalpattu,Tambaram,Kadaperi,2026-09-25,7.6,30.4,79.9,49.4,10.1
1,Chengalpattu,Tambaram,Kadaperi,2026-09-26,0.0,29.7,57.9,43.5,21.3
1,Chengalpattu,Tambaram,Kadaperi,2026-09-27,0.0,28.7,56.5,44.8,19.9
1,Chengalpattu,Tambaram,Kadaperi,2026-09-28,71.1,28.9,80.4,87.2,21.8
2,Chengalpattu,Tambaram,Mudichur,2026-04-01,0.0,31.5,71.0,36.8,13.9
2,Chengalpattu,Tambaram,Mudichur,2026-04-02,16.6,31.8,85.7,80.5,18.8
2,Chengalpattu,Tambaram,Mudichur,2026-04-03,0.0,31.2,70.2,36.7,11.7
2,Chengalpattu,Tambaram,Mudichur,2026-04-04,0.0,29.4,58.8,43.5,11.5
2,Chengalpattu,Tambaram,Mudichur,2026-04-05,0.0,29.6,69.3,41.8,14.5
2,Chengalpattu,Tambaram,Mudichur,2026-04-06,0.0,29.9,51.1,45.0,9.6
2,Chengalpattu,Tambaram,Mudichur,2026-04-07,13.1,32.4,78.4,63.6,23.1
2,Chengalpattu,Tambaram,Mudichur,2026-04-08,0.0,30.9,46.6,34.5,9.6
2,Chengalpattu,Tambaram,Mudichur,2026-04-09,0.0,31.2,70.5,34.2,13.9
2,Chengalpattu,Tambaram,Mudichur,2026-04-10,0.0,31.1,67.7,36.6,19.0
2,Chengalpattu,Tambaram,Mudichur,2026-04-11,0.0,31.5,52.8,40.4,11.0
2,Chengalpattu,Tambaram,Mudichur,2026-04-12,0.0,30.2,55.6,44.0,18.3
2,Chengalpattu,Tambaram,Mudichur,2026-04-13,33.4,31.8,82.1,67.9,17.0
2,Chengalpattu,Tambaram,Mudichur,2026-04-14,0.0,30.2,48.2,31.3,21.9
2,Chengalpattu,Tambaram,Mudichur,2026-04-15,49.9,31.1,78.0,84.7,10.3
2,Chengalpattu,Tambaram,Mudichur,2026-04-16,0.0,30.5,47.2,38.0,8.4
2,Chengalpattu,Tambaram,Mudichur,2026-04-17,0.0,30.2,49.1,37.9,10.8
2,Chengalpattu,Tambaram,Mudichur,2026-04-18,0.0,30.4,57.8,42.5,15.6
2,Chengalpattu,Tambaram,Mudichur,2026-04-19,0.0,32.8,45.3,43.0,23.1
2,Chengalpattu,Tambaram,Mudichur,2026-04-20,0.0,30.5,68.0,45.1,15.3
2,Chengalpattu,Tambaram,Mudichur,2026-04-21,14.1,33.5,73.0,62.2,15.8
2,Chengalpattu,Tambaram,Mudichur,2026-04-22,1.8,33.4,77.2,46.6,12.4
2,Chengalpattu,Tambaram,Mudichur,2026-04-23,0.0,32.6,51.8,40.0,16.5
2,Chengalpattu,Tambaram,Mudichur,2026-04-24,0.0,32.0,45.0,40.2,21.6
2,Chengalpattu,Tambaram,Mudichur,2026-04-25,0.0,32.7,63.6,39.3,15.2
2,Chengalpattu,Tambaram,Mudichur,2026-04-26,0.0,31.4,55.6,42.5,9.5
2,Chengalpattu,Tambaram,Mudichur,2026-04-27,0.0,32.1,53.2,42.9,22.8
2,Chengalpattu,Tambaram,Mudichur,2026-04-28,0.0,31.0,44.8,30.6,19.8
2,Chengalpattu,Tambaram,Mudichur,2026-04-29,0.0,33.5,59.6,35.4,13.3
2,Chengalpattu,Tambaram,Mudichur,2026-04-30,0.0,31.3,62.0,38.5,21.9
2,Chengalpattu,Tambaram,Mudichur,2026-05-01,0.0,33.3,60.0,38.1,17.2
2,Chengalpattu,Tambaram,Mudichur,2026-05-02,0.0,31.7,48.7,38.6,21.5
2,Chengalpattu,Tambaram,Mudichur,2026-05-03,0.0,32.2,59.2,44.8,21.5
2,Chengalpattu,Tambaram,Mudichur,2026-05-04,0.0,34.3,60.4,45.9,8.4
2,Chengalpattu,Tambaram,Mudichur,2026-05-05,0.0,34.2,50.0,31.1,19.2
2,Chengalpattu,Tambaram,Mudichur,2026-05-06,0.0,32.2,42.2,37.2,17.1
2,Chengalpattu,Tambaram,Mudichur,2026-05-07,21.7,32.6,78.5,82.2,11.4
2,Chengalpattu,Tambaram,Mudichur,2026-05-08,0.0,32.7,53.1,40.3,20.4
2,Chengalpattu,Tambaram,Mudichur,2026-05-09,1.2,33.2,68.1,60.4,18.8
2,Chengalpattu,Tambaram,Mudichur,2026-05-10,0.0,32.3,56.6,42.7,12.4
2,Chengalpattu,Tambaram,Mudichur,2026-05-11,12.1,33.9,70.7,62.0,15.8
2,Chengalpattu,Tambaram,Mudichur,2026-05-12,10.9,33.7,77.0,45.2,12.8
2,Chengalpattu,Tambaram,Mudichur,2026-05-13,6.4,32.2,71.6,45.2,20.0
2,Chengalpattu,Tambaram,Mudichur,2026-05-14,0.0,32.1,63.1,37.0,21.3
2,Chengalpattu,Tambaram,Mudichur,2026-05-15,42.7,34.2,78.7,65.4,22.7
2,Chengalpattu,Tambaram,Mudichur,2026-05-16,0.0,34.5,59.2,42.3,14.7
2,Chengalpattu,Tambaram,Mudichur,2026-05-17,8.5,32.0,81.0,60.5,21.3
2,Chengalpattu,Tambaram,Mudichur,2026-05-18,40.2,34.7,82.1,78.5,16.4
2,Chengalpattu,Tambaram,Mudichur,2026-05-19,0.0,33.0,52.2,32.0,10.7
2,Chengalpattu,Tambaram,Mudichur,2026-05-20,15.4,33.5,93.4,73.0,19.6
2,Chengalpattu,Tambaram,Mudichur,2026-05-21,0.0,34.5,49.1,34.9,11.2
2,Chengalpattu,Tambaram,Mudichur,2026-05-22,0.0,33.8,61.7,37.1,20.4
2,Chengalpattu,Tambaram,Mudichur,2026-05-23,0.0,33.5,64.8,40.7,22.8
2,Chengalpattu,Tambaram,Mudichur,2026-05-24,0.0,33.8,60.7,45.2,18.0
2,Chengalpattu,Tambaram,Mudichur,2026-05-25,12.6,32.4,71.1,51.9,8.9
2,Chengalpattu,Tambaram,Mudichur,2026-05-26,0.0,33.6,55.6,30.3,21.3
2,Chengalpattu,Tambaram,Mudichur,2026-05-27,0.0,32.2,67.7,35.7,16.1
2,Chengalpattu,Tambaram,Mudichur,2026-05-28,0.0,33.5,65.8,39.4,15.2
2,Chengalpattu,Tambaram,Mudichur,2026-05-29,0.0,34.7,51.6,38.9,10.4
2,Chengalpattu,Tambaram,Mudichur,2026-05-30,49.5,32.3,83.8,81.4,16.1
2,Chengalpattu,Tambaram,Mudichur,2026-05-31,0.0,32.7,55.1,42.6,16.4
2,Chengalpattu,Tambaram,Mudichur,2026-06-01,0.0,32.6,50.5,44.5,13.4
2,Chengalpattu,Tambaram,Mudichur,2026-06-02,0.0,34.1,61.4,30.4,9.5
2,Chengalpattu,Tambaram,Mudichur,2026-06-03,0.0,34.4,63.7,35.9,22.5
2,Chengalpattu,Tambaram,Mudichur,2026-06-04,0.0,35.1,59.5,34.8,13.6
2,Chengalpattu,Tambaram,Mudichur,2026-06-05,0.0,35.4,53.8,39.6,23.0
2,Chengalpattu,Tambaram,Mudichur,2026-06-06,0.0,33.2,65.7,42.9,18.7
2,Chengalpattu,Tambaram,Mudichur,2026-06-07,0.0,35.0,62.6,43.2,18.3
2,Chengalpattu,Tambaram,Mudichur,2026-06-08,0.0,33.6,52.9,43.1,11.4
2,Chengalpattu,Tambaram,Mudichur,2026-06-09,0.0,35.4,48.8,30.8,9.2
2,Chengalpattu,Tambaram,Mudichur,2026-06-10,31.8,35.1,92.2,85.3,8.6
2,Chengalpattu,Tambaram,Mudichur,2026-06-11,0.0,33.4,45.9,36.3,10.6
2,Chengalpattu,Tambaram,Mudichur,2026-06-12,0.0,35.0,66.3,37.0,15.0
2,Chengalpattu,Tambaram,Mudichur,2026-06-13,0.0,33.7,49.1,40.7,12.6
2,Chengalpattu,Tambaram,Mudichur,2026-06-14,0.0,34.8,58.0,41.9,20.9
2,Chengalpattu,Tambaram,Mudichur,2026-06-15,0.0,33.9,53.0,47.7,23.8
2,Chengalpattu,Tambaram,Mudichur,2026-06-16,0.0,33.8,53.5,33.2,23.5
2,Chengalpattu,Tambaram,Mudichur,2026-06-17,0.0,35.0,46.2,33.5,18.3
2,Chengalpattu,Tambaram,Mudichur,2026-06-18,0.0,35.2,45.1,39.1,21.6
2,Chengalpattu,Tambaram,Mudichur,2026-06-19,0.0,33.3,50.2,41.4,10.4
2,Chengalpattu,Tambaram,Mudichur,2026-06-20,0.0,33.8,48.7,40.7,13.6
2,Chengalpattu,Tambaram,Mudichur,2026-06-21,15.1,32.4,82.0,87.9,14.0
2,Chengalpattu,Tambaram,Mudichur,2026-06-22,0.0,32.4,67.2,45.9,20.7
2,Chengalpattu,Tambaram,Mudichur,2026-06-23,0.0,32.8,66.9,34.2,10.2
2,Chengalpattu,Tambaram,Mudichur,2026-06-24,0.0,34.7,42.2,32.5,12.1
2,Chengalpattu,Tambaram,Mudichur,2026-06-25,0.0,35.1,63.8,37.2,9.8
2,Chengalpattu,Tambaram,Mudichur,2026-06-26,0.0,33.3,43.4,38.5,20.7
2,Chengalpattu,Tambaram,Mudichur,2026-06-27,50.9,33.8,88.1,65.4,16.2
2,Chengalpattu,Tambaram,Mudichur,2026-06-28,12.1,33.1,77.3,51.0,14.7
2,Chengalpattu,Tambaram,Mudichur,2026-06-29,79.4,34.5,79.2,77.1,16.1
2,Chengalpattu,Tambaram,Mudichur,2026-06-30,0.0,35.5,53.7,32.8,18.2
2,Chengalpattu,Tambaram,Mudichur,2026-07-01,0.0,35.5,42.5,36.7,13.5
2,Chengalpattu,Tambaram,Mudichur,2026-07-02,0.0,34.7,65.1,38.4,13.3
2,Chengalpattu,Tambaram,Mudichur,2026-07-03,0.0,32.4,66.4,37.1,20.5
2,Chengalpattu,Tambaram,Mudichur,2026-07-04,0.0,33.8,61.0,42.9,9.0
2,Chengalpattu,Tambaram,Mudichur,2026-07-05,0.0,34.8,50.8,40.3,11.2
2,Chengalpattu,Tambaram,Mudichur,2026-07-06,0.0,32.3,57.5,47.9,16.7
2,Chengalpattu,Tambaram,Mudichur,2026-07-07,0.0,33.0,47.7,32.1,20.5
2,Chengalpattu,Tambaram,Mudichur,2026-07-08,0.0,35.0,45.7,34.2,22.2
2,Chengalpattu,Tambaram,Mudichur,2026-07-09,0.0,34.6,53.6,39.8,15.9
2,Chengalpattu,Tambaram,Mudichur,2026-07-10,0.0,33.7,57.6,40.8,19.6
2,Chengalpattu,Tambaram,Mudichur,2026-07-11,0.0,32.3,66.7,41.3,13.1
2,Chengalpattu,Tambaram,Mudichur,2026-07-12,0.0,32.3,51.2,43.6,14.8
2,Chengalpattu,Tambaram,Mudichur,2026-07-13,0.0,34.3,43.3,47.2,13.6
2,Chengalpattu,Tambaram,Mudichur,2026-07-14,0.0,35.3,71.4,35.7,9.2
2,Chengalpattu,Tambaram,Mudichur,2026-07-15,0.0,34.1,66.0,36.1,23.2
2,Chengalpattu,Tambaram,Mudichur,2026-07-16,0.0,32.4,65.4,34.2,9.1
2,Chengalpattu,Tambaram,Mudichur,2026-07-17,0.0,34.5,53.5,39.4,17.7
2,Chengalpattu,Tambaram,Mudichur,2026-07-18,0.0,34.1,53.2,42.6,17.2
2,Chengalpattu,Tambaram,Mudichur,2026-07-19,0.0,33.6,61.5,41.5,9.8
2,Chengalpattu,Tambaram,Mudichur,2026-07-20,0.0,34.2,53.6,45.4,12.2
2,Chengalpattu,Tambaram,Mudichur,2026-07-21,0.0,32.6,71.9,31.7,22.7
2,Chengalpattu,Tambaram,Mudichur,2026-07-22,41.4,33.4,85.7,85.7,15.1
2,Chengalpattu,Tambaram,Mudichur,2026-07-23,0.0,32.0,67.4,35.9,13.6
2,Chengalpattu,Tambaram,Mudichur,2026-07-24,0.0,31.9,68.7,41.1,19.4
2,Chengalpattu,Tambaram,Mudichur,2026-07-25,0.0,34.7,65.8,41.1,9.9
2,Chengalpattu,Tambaram,Mudichur,2026-07-26,33.7,32.3,78.4,77.7,13.9
2,Chengalpattu,Tambaram,Mudichur,2026-07-27,0.0,34.2,60.4,42.5,12.9
2,Chengalpattu,Tambaram,Mudichur,2026-07-28,0.0,34.8,57.8,34.6,21.2
2,Chengalpattu,Tambaram,Mudichur,2026-07-29,0.0,31.7,61.3,34.7,18.9
2,Chengalpattu,Tambaram,Mudichur,2026-07-30,0.0,32.6,65.4,37.8,10.9
2,Chengalpattu,Tambaram,Mudichur,2026-07-31,0.0,34.6,69.3,36.3,10.0
2,Chengalpattu,Tambaram,Mudichur,2026-08-01,8.4,31.8,79.2,53.7,23.1
2,Chengalpattu,Tambaram,Mudichur,2026-08-02,0.0,34.3,49.5,43.8,16.8
2,Chengalpattu,Tambaram,Mudichur,2026-08-03,0.0,31.7,58.0,45.0,10.7
2,Chengalpattu,Tambaram,Mudichur,2026-08-04,23.2,34.3,90.3,78.9,21.5
2,Chengalpattu,Tambaram,Mudichur,2026-08-05,0.0,33.0,42.9,32.3,18.3
2,Chengalpattu,Tambaram,Mudichur,2026-08-06,0.0,33.0,65.0,36.5,18.2
2,Chengalpattu,Tambaram,Mudichur,2026-08-07,0.0,32.7,50.7,41.7,15.7
2,Chengalpattu,Tambaram,Mudichur,2026-08-08,0.0,33.7,50.9,38.4,9.0
2,Chengalpattu,Tambaram,Mudichur,2026-08-09,0.0,32.4,48.1,43.6,13.0
2,Chengalpattu,Tambaram,Mudichur,2026-08-10,0.0,33.3,67.8,47.9,10.1
2,Chengalpattu,Tambaram,Mudichur,2026-08-11,0.0,32.1,51.6,32.8,12.3
2,Chengalpattu,Tambaram,Mudichur,2026-08-12,7.4,31.6,72.7,60.4,12.0
2,Chengalpattu,Tambaram,Mudichur,2026-08-13,8.6,33.6,76.6,52.8,20.2
2,Chengalpattu,Tambaram,Mudichur,2026-08-14,0.0,32.3,57.0,37.9,8.4
2,Chengalpattu,Tambaram,Mudichur,2026-08-15,0.0,33.7,71.0,39.3,13.6
2,Chengalpattu,Tambaram,Mudichur,2026-08-16,0.0,30.7,68.5,43.9,15.5
2,Chengalpattu,Tambaram,Mudichur,2026-08-17,0.0,32.3,54.9,47.3,19.6
2,Chengalpattu,Tambaram,Mudichur,2026-08-18,0.0,33.0,54.0,33.4,11.1
2,Chengalpattu,Tambaram,Mudichur,2026-08-19,15.2,32.2,91.0,71.4,23.8
2,Chengalpattu,Tambaram,Mudichur,2026-08-20,79.8,32.6,84.7,83.3,13.4
2,Chengalpattu,Tambaram,Mudichur,2026-08-21,0.0,33.4,48.0,39.1,16.0
2,Chengalpattu,Tambaram,Mudichur,2026-08-22,8.7,30.4,74.5,56.4,17.7
2,Chengalpattu,Tambaram,Mudichur,2026-08-23,20.5,31.9,80.8,87.8,19.8
2,Chengalpattu,Tambaram,Mudichur,2026-08-24,38.1,31.1,87.0,81.3,12.8
2,Chengalpattu,Tambaram,Mudichur,2026-08-25,0.0,32.7,62.2,35.9,17.3
2,Chengalpattu,Tambaram,Mudichur,2026-08-26,0.0,32.6,62.6,32.2,15.6
2,Chengalpattu,Tambaram,Mudichur,2026-08-27,0.0,33.1,65.3,37.5,19.5
2,Chengalpattu,Tambaram,Mudichur,2026-08-28,21.4,31.8,88.5,84.3,10.4
2,Chengalpattu,Tambaram,Mudichur,2026-08-29,63.9,32.0,79.9,65.4,13.0
2,Chengalpattu,Tambaram,Mudichur,2026-08-30,0.0,30.2,54.3,44.6,22.7
2,Chengalpattu,Tambaram,Mudichur,2026-08-31,0.0,32.5,43.9,42.8,11.3
2,Chengalpattu,Tambaram,Mudichur,2026-09-01,0.0,30.7,57.8,31.9,10.8
2,Chengalpattu,Tambaram,Mudichur,2026-09-02,9.4,32.5,80.4,63.0,18.3
2,Chengalpattu,Tambaram,Mudichur,2026-09-03,0.0,31.7,47.8,35.5,16.9
2,Chengalpattu,Tambaram,Mudichur,2026-09-04,0.0,30.1,50.9,37.7,11.3
2,Chengalpattu,Tambaram,Mudichur,2026-09-05,9.3,31.6,83.7,64.9,12.4
2,Chengalpattu,Tambaram,Mudichur,2026-09-06,0.0,29.7,53.4,45.9,21.1
2,Chengalpattu,Tambaram,Mudichur,2026-09-07,0.0,32.3,50.7,43.7,19.4
2,Chengalpattu,Tambaram,Mudichur,2026-09-08,0.0,30.3,49.7,32.9,11.2
2,Chengalpattu,Tambaram,Mudichur,2026-09-09,0.0,30.8,62.9,32.8,17.9
2,Chengalpattu,Tambaram,Mudichur,2026-09-10,23.9,30.9,87.0,79.7,8.8
2,Chengalpattu,Tambaram,Mudichur,2026-09-11,0.0,30.3,45.0,40.6,8.1
2,Chengalpattu,Tambaram,Mudichur,2026-09-12,0.0,30.7,54.2,43.6,22.1
2,Chengalpattu,Tambaram,Mudichur,2026-09-13,71.8,30.4,83.5,79.9,22.5
2,Chengalpattu,Tambaram,Mudichur,2026-09-14,0.0,29.0,58.1,46.3,23.0
2,Chengalpattu,Tambaram,Mudichur,2026-09-15,46.2,31.7,81.0,86.2,24.0
2,Chengalpattu,Tambaram,Mudichur,2026-09-16,0.0,29.9,70.1,37.8,22.8
2,Chengalpattu,Tambaram,Mudichur,2026-09-17,18.1,31.4,79.8,87.6,12.6
2,Chengalpattu,Tambaram,Mudichur,2026-09-18,0.0,31.7,56.8,41.6,21.6
2,Chengalpattu,Tambaram,Mudichur,2026-09-19,2.6,29.9,68.2,56.5,12.1
2,Chengalpattu,Tambaram,Mudichur,2026-09-20,0.0,28.9,65.7,43.4,20.1
2,Chengalpattu,Tambaram,Mudichur,2026-09-21,0.0,28.8,68.9,47.0,16.2
2,Chengalpattu,Tambaram,Mudichur,2026-09-22,0.0,28.4,47.5,30.8,13.2
2,Chengalpattu,Tambaram,Mudichur,2026-09-23,5.8,28.9,80.1,68.9,12.8
2,Chengalpattu,Tambaram,Mudichur,2026-09-24,22.9,30.4,89.8,66.4,9.9
2,Chengalpattu,Tambaram,Mudichur,2026-09-25,0.0,29.0,57.1,41.4,19.3
2,Chengalpattu,Tambaram,Mudichur,2026-09-26,53.5,28.9,83.0,79.1,11.5
2,Chengalpattu,Tambaram,Mudichur,2026-09-27,29.7,28.3,88.3,74.6,16.8
2,Chengalpattu,Tambaram,Mudichur,2026-09-28,0.0,29.3,61.9,43.3,12.0
3,Chengalpattu,Tambaram,Selaiyur,2026-04-01,0.0,31.6,44.5,34.7,19.3
3,Chengalpattu,Tambaram,Selaiyur,2026-04-02,0.0,29.4,43.9,37.3,16.1
3,Chengalpattu,Tambaram,Selaiyur,2026-04-03,8.6,31.1,75.4,47.9,11.3
3,Chengalpattu,Tambaram,Selaiyur,2026-04-04,15.4,31.2,91.7,75.4,16.2
3,Chengalpattu,Tambaram,Selaiyur,2026-04-05,13.4,30.9,81.1,63.1,14.3
3,Chengalpattu,Tambaram,Selaiyur,2026-04-06,0.0,32.1,59.3,42.3,13.5
3,Chengalpattu,Tambaram,Selaiyur,2026-04-07,0.0,29.7,70.0,30.4,22.9
3,Chengalpattu,Tambaram,Selaiyur,2026-04-08,0.0,29.7,65.1,36.6,23.7
3,Chengalpattu,Tambaram,Selaiyur,2026-04-09,0.0,31.7,71.8,36.3,21.9
3,Chengalpattu,Tambaram,Selaiyur,2026-04-10,0.0,32.7,62.5,40.0,16.6
3,Chengalpattu,Tambaram,Selaiyur,2026-04-11,0.0,31.9,47.4,41.2,16.5
3,Chengalpattu,Tambaram,Selaiyur,2026-04-12,0.0,32.2,42.1,40.1,12.8
3,Chengalpattu,Tambaram,Selaiyur,2026-04-13,0.0,32.1,58.0,46.9,12.0
3,Chengalpattu,Tambaram,Selaiyur,2026-04-14,0.0,31.1,70.1,34.4,9.8
3,Chengalpattu,Tambaram,Selaiyur,2026-04-15,0.0,32.7,65.0,37.3,8.3
3,Chengalpattu,Tambaram,Selaiyur,2026-04-16,0.7,30.7,77.0,62.6,8.8
3,Chengalpattu,Tambaram,Selaiyur,2026-04-17,0.0,32.6,49.0,37.3,21.8
3,Chengalpattu,Tambaram,Selaiyur,2026-04-18,0.0,30.4,50.7,42.9,19.7
3,Chengalpattu,Tambaram,Selaiyur,2026-04-19,0.0,31.3,62.2,41.9,12.8
3,Chengalpattu,Tambaram,Selaiyur,2026-04-20,0.0,30.8,48.6,43.8,9.0
3,Chengalpattu,Tambaram,Selaiyur,2026-04-21,0.0,33.5,69.3,33.8,14.8
3,Chengalpattu,Tambaram,Selaiyur,2026-04-22,0.0,32.1,70.2,36.0,20.6
3,Chengalpattu,Tambaram,Selaiyur,2026-04-23,0.0,31.5,46.5,36.3,20.1
3,Chengalpattu,Tambaram,Selaiyur,2026-04-24,0.0,32.1,51.0,40.2,20.9
3,Chengalpattu,Tambaram,Selaiyur,2026-04-25,0.0,33.6,71.0,41.3,10.1
3,Chengalpattu,Tambaram,Selaiyur,2026-04-26,0.0,31.5,61.4,45.5,21.6
3,Chengalpattu,Tambaram,Selaiyur,2026-04-27,0.0,31.0,47.7,43.6,18.8
3,Chengalpattu,Tambaram,Selaiyur,2026-04-28,0.0,32.8,47.6,34.6,19.6
3,Chengalpattu,Tambaram,Selaiyur,2026-04-29,0.0,32.7,68.1,34.0,23.3
3,Chengalpattu,Tambaram,Selaiyur,2026-04-30,0.0,30.9,70.9,34.7,24.0
3,Chengalpattu,Tambaram,Selaiyur,2026-05-01,0.0,32.5,60.1,37.2,22.6
3,Chengalpattu,Tambaram,Selaiyur,2026-05-02,0.0,32.8,53.4,41.2,13.7
3,Chengalpattu,Tambaram,Selaiyur,2026-05-03,0.0,31.9,56.9,40.6,23.7
3,Chengalpattu,Tambaram,Selaiyur,2026-05-04,0.0,32.6,69.4,44.2,14.6
3,Chengalpattu,Tambaram,Selaiyur,2026-05-05,0.0,33.0,46.4,31.6,23.0
3,Chengalpattu,Tambaram,Selaiyur,2026-05-06,0.0,33.1,46.6,34.0,14.1
3,Chengalpattu,Tambaram,Selaiyur,2026-05-07,0.0,34.0,61.6,38.1,12.1
3,Chengalpattu,Tambaram,Selaiyur,2026-05-08,0.0,34.0,61.3,38.9,10.7
3,Chengalpattu,Tambaram,Selaiyur,2026-05-09,27.5,33.9,86.3,86.1,16.7
3,Chengalpattu,Tambaram,Selaiyur,2026-05-10,0.7,33.5,81.9,68.6,18.7
3,Chengalpattu,Tambaram,Selaiyur,2026-05-11,0.0,33.9,67.3,43.4,19.3
3,Chengalpattu,Tambaram,Selaiyur,2026-05-12,0.0,31.5,53.2,33.7,18.7
3,Chengalpattu,Tambaram,Selaiyur,2026-05-13,0.0,33.5,56.6,32.0,16.8
3,Chengalpattu,Tambaram,Selaiyur,2026-05-14,0.0,31.6,50.2,39.9,8.3
3,Chengalpattu,Tambaram,Selaiyur,2026-05-15,0.0,34.3,66.2,41.5,9.7
3,Chengalpattu,Tambaram,Selaiyur,2026-05-16,4.6,31.9,75.5,65.4,12.3
3,Chengalpattu,Tambaram,Selaiyur,2026-05-17,0.0,33.0,54.2,43.4,23.8
3,Chengalpattu,Tambaram,Selaiyur,2026-05-18,0.0,32.4,67.4,45.9,21.7
3,Chengalpattu,Tambaram,Selaiyur,2026-05-19,10.3,34.2,76.1,46.4,8.2
3,Chengalpattu,Tambaram,Selaiyur,2026-05-20,0.0,32.3,55.0,36.7,17.1
3,Chengalpattu,Tambaram,Selaiyur,2026-05-21,16.2,34.6,78.7,69.9,21.9
3,Chengalpattu,Tambaram,Selaiyur,2026-05-22,0.0,34.8,43.4,36.4,22.8
3,Chengalpattu,Tambaram,Selaiyur,2026-05-23,0.0,34.8,43.0,43.6,13.0
3,Chengalpattu,Tambaram,Selaiyur,2026-05-24,0.0,35.1,64.6,44.3,14.4
3,Chengalpattu,Tambaram,Selaiyur,2026-05-25,5.9,32.2,81.7,54.7,22.3
3,Chengalpattu,Tambaram,Selaiyur,2026-05-26,0.0,33.1,46.2,35.9,19.6
3,Chengalpattu,Tambaram,Selaiyur,2026-05-27,0.0,33.6,43.6,34.6,21.4
3,Chengalpattu,Tambaram,Selaiyur,2026-05-28,0.0,33.1,70.6,36.4,20.4
3,Chengalpattu,Tambaram,Selaiyur,2026-05-29,0.0,32.1,71.8,38.9,13.7
3,Chengalpattu,Tambaram,Selaiyur,2026-05-30,0.0,35.2,62.4,42.0,9.4
3,Chengalpattu,Tambaram,Selaiyur,2026-05-31,0.0,34.1,63.4,40.5,10.5
3,Chengalpattu,Tambaram,Selaiyur,2026-06-01,0.0,34.5,64.2,43.9,9.7
3,Chengalpattu,Tambaram,Selaiyur,2026-06-02,0.0,32.2,52.8,31.6,10.1
3,Chengalpattu,Tambaram,Selaiyur,2026-06-03,0.0,32.8,58.6,34.4,8.4
3,Chengalpattu,Tambaram,Selaiyur,2026-06-04,19.7,33.3,83.5,73.9,12.7
3,Chengalpattu,Tambaram,Selaiyur,2026-06-05,50.0,33.5,93.4,87.5,17.2
3,Chengalpattu,Tambaram,Selaiyur,2026-06-06,0.0,32.8,46.2,39.8,15.9
3,Chengalpattu,Tambaram,Selaiyur,2026-06-07,0.0,32.4,54.6,42.9,9.2
3,Chengalpattu,Tambaram,Selaiyur,2026-06-08,0.0,33.1,60.8,45.6,11.1
3,Chengalpattu,Tambaram,Selaiyur,2026-06-09,0.0,32.6,70.5,32.0,17.9
3,Chengalpattu,Tambaram,Selaiyur,2026-06-10,0.0,34.9,52.0,36.9,21.8
3,Chengalpattu,Tambaram,Selaiyur,2026-06-11,8.4,35.5,83.9,50.0,13.0
3,Chengalpattu,Tambaram,Selaiyur,2026-06-12,0.0,35.5,50.7,40.2,15.9
3,Chengalpattu,Tambaram,Selaiyur,2026-06-13,0.0,34.2,53.3,42.9,14.3
3,Chengalpattu,Tambaram,Selaiyur,2026-06-14,0.0,32.7,59.8,43.3,18.9
3,Chengalpattu,Tambaram,Selaiyur,2026-06-15,0.0,34.1,55.8,46.3,15.0
3,Chengalpattu,Tambaram,Selaiyur,2026-06-16,0.0,33.3,66.6,34.8,14.5
3,Chengalpattu,Tambaram,Selaiyur,2026-06-17,0.0,34.0,49.3,36.0,19.4
3,Chengalpattu,Tambaram,Selaiyur,2026-06-18,101.0,34.9,86.1,74.2,16.1
3,Chengalpattu,Tambaram,Selaiyur,2026-06-19,0.0,35.4,58.3,40.7,13.8
3,Chengalpattu,Tambaram,Selaiyur,2026-06-20,0.0,35.3,61.1,38.5,20.3
3,Chengalpattu,Tambaram,Selaiyur,2026-06-21,0.0,34.5,61.4,40.3,23.7
3,Chengalpattu,Tambaram,Selaiyur,2026-06-22,0.0,34.6,64.6,47.8,14.9
3,Chengalpattu,Tambaram,Selaiyur,2026-06-23,0.0,32.4,57.3,33.1,17.3
3,Chengalpattu,Tambaram,Selaiyur,2026-06-24,0.0,34.2,53.7,36.6,17.4
3,Chengalpattu,Tambaram,Selaiyur,2026-06-25,0.0,34.0,42.7,34.6,14.7
3,Chengalpattu,Tambaram,Selaiyur,2026-06-26,61.0,35.5,80.4,72.2,15.3
3,Chengalpattu,Tambaram,Selaiyur,2026-06-27,0.0,33.0,56.3,40.6,19.1
3,Chengalpattu,Tambaram,Selaiyur,2026-06-28,0.0,33.3,66.3,40.7,21.6
3,Chengalpattu,Tambaram,Selaiyur,2026-06-29,0.0,34.4,46.9,47.9,11.9
3,Chengalpattu,Tambaram,Selaiyur,2026-06-30,17.7,32.9,94.3,70.3,14.5
3,Chengalpattu,Tambaram,Selaiyur,2026-07-01,0.0,32.9,55.0,32.2,17.8
3,Chengalpattu,Tambaram,Selaiyur,2026-07-02,0.0,32.9,53.7,38.2,11.3
3,Chengalpattu,Tambaram,Selaiyur,2026-07-03,0.0,34.7,43.9,36.6,22.0
3,Chengalpattu,Tambaram,Selaiyur,2026-07-04,0.0,32.8,55.7,39.6,21.8
3,Chengalpattu,Tambaram,Selaiyur,2026-07-05,0.0,33.9,59.9,43.7,17.4
3,Chengalpattu,Tambaram,Selaiyur,2026-07-06,0.0,33.3,60.5,46.9,19.3
3,Chengalpattu,Tambaram,Selaiyur,2026-07-07,0.0,33.1,44.5,30.8,9.9
3,Chengalpattu,Tambaram,Selaiyur,2026-07-08,0.0,33.2,62.8,35.1,14.7
3,Chengalpattu,Tambaram,Selaiyur,2026-07-09,0.0,32.6,47.6,37.8,19.1
3,Chengalpattu,Tambaram,Selaiyur,2026-07-10,0.0,34.2,58.6,38.9,10.2
3,Chengalpattu,Tambaram,Selaiyur,2026-07-11,0.0,33.1,43.6,40.2,8.2
3,Chengalpattu,Tambaram,Selaiyur,2026-07-12,0.0,32.5,70.9,43.0,15.9
3,Chengalpattu,Tambaram,Selaiyur,2026-07-13,0.0,34.3,67.2,44.9,9.3
3,Chengalpattu,Tambaram,Selaiyur,2026-07-14,0.0,32.1,50.8,31.6,16.6
3,Chengalpattu,Tambaram,Selaiyur,2026-07-15,0.0,32.5,64.3,36.6,16.8
3,Chengalpattu,Tambaram,Selaiyur,2026-07-16,32.2,32.3,92.0,73.4,21.2
3,Chengalpattu,Tambaram,Selaiyur,2026-07-17,0.0,32.1,58.4,41.9,9.6
3,Chengalpattu,Tambaram,Selaiyur,2026-07-18,0.0,34.6,50.9,44.0,15.2
3,Chengalpattu,Tambaram,Selaiyur,2026-07-19,0.0,33.0,55.2,46.0,20.4
3,Chengalpattu,Tambaram,Selaiyur,2026-07-20,0.0,32.6,59.6,44.1,19.4
3,Chengalpattu,Tambaram,Selaiyur,2026-07-21,3.2,33.9,69.1,50.2,8.9
3,Chengalpattu,Tambaram,Selaiyur,2026-07-22,0.0,32.9,58.2,33.9,19.3
3,Chengalpattu,Tambaram,Selaiyur,2026-07-23,0.0,32.7,67.7,39.9,18.9
3,Chengalpattu,Tambaram,Selaiyur,2026-07-24,0.0,32.0,65.6,41.5,23.9
3,Chengalpattu,Tambaram,Selaiyur,2026-07-25,43.4,34.5,82.2,81.4,21.3
3,Chengalpattu,Tambaram,Selaiyur,2026-07-26,0.0,34.1,56.7,43.5,12.3
3,Chengalpattu,Tambaram,Selaiyur,2026-07-27,0.0,32.9,61.0,47.3,9.5
3,Chengalpattu,Tambaram,Selaiyur,2026-07-28,0.0,33.2,70.1,32.2,23.2
3,Chengalpattu,Tambaram,Selaiyur,2026-07-29,32.1,32.6,90.5,81.8,15.3
3,Chengalpattu,Tambaram,Selaiyur,2026-07-30,0.0,33.6,43.9,37.2,11.5
3,Chengalpattu,Tambaram,Selaiyur,2026-07-31,0.0,32.8,50.1,41.0,13.4
3,Chengalpattu,Tambaram,Selaiyur,2026-08-01,0.0,33.3,56.6,40.1,18.9
3,Chengalpattu,Tambaram,Selaiyur,2026-08-02,33.1,31.5,85.8,67.9,21.7
3,Chengalpattu,Tambaram,Selaiyur,2026-08-03,68.5,32.7,81.4,80.8,10.1
3,Chengalpattu,Tambaram,Selaiyur,2026-08-04,58.3,33.3,82.7,80.1,12.0
3,Chengalpattu,Tambaram,Selaiyur,2026-08-05,0.0,32.4,47.0,34.4,12.9
3,Chengalpattu,Tambaram,Selaiyur,2026-08-06,0.0,33.4,61.7,38.2,8.0
3,Chengalpattu,Tambaram,Selaiyur,2026-08-07,5.5,32.6,78.6,45.2,19.1
3,Chengalpattu,Tambaram,Selaiyur,2026-08-08,0.0,33.7,54.7,38.8,9.1
3,Chengalpattu,Tambaram,Selaiyur,2026-08-09,0.0,32.2,45.1,41.9,22.1
3,Chengalpattu,Tambaram,Selaiyur,2026-08-10,0.0,31.4,64.6,42.8,23.9
3,Chengalpattu,Tambaram,Selaiyur,2026-08-11,0.0,31.3,42.3,33.9,15.0
3,Chengalpattu,Tambaram,Selaiyur,2026-08-12,0.0,33.2,46.5,34.5,19.0
3,Chengalpattu,Tambaram,Selaiyur,2026-08-13,2.3,33.6,80.0,59.7,14.1
3,Chengalpattu,Tambaram,Selaiyur,2026-08-14,3.3,33.9,70.5,47.1,16.9
3,Chengalpattu,Tambaram,Selaiyur,2026-08-15,0.0,32.6,65.4,42.1,21.6
3,Chengalpattu,Tambaram,Selaiyur,2026-08-16,15.8,32.7,86.7,82.2,12.7
3,Chengalpattu,Tambaram,Selaiyur,2026-08-17,0.0,30.7,70.6,45.0,9.8
3,Chengalpattu,Tambaram,Selaiyur,2026-08-18,0.0,32.1,57.8,35.9,23.8
3,Chengalpattu,Tambaram,Selaiyur,2026-08-19,42.6,33.5,87.7,73.4,18.9
3,Chengalpattu,Tambaram,Selaiyur,2026-08-20,0.0,32.9,65.1,34.1,9.1
3,Chengalpattu,Tambaram,Selaiyur,2026-08-21,1.3,31.1,80.8,57.7,18.1
3,Chengalpattu,Tambaram,Selaiyur,2026-08-22,0.0,31.9,63.1,38.5,16.6
3,Chengalpattu,Tambaram,Selaiyur,2026-08-23,8.0,32.2,75.2,50.1,20.9
3,Chengalpattu,Tambaram,Selaiyur,2026-08-24,0.0,31.9,61.0,47.0,18.9
3,Chengalpattu,Tambaram,Selaiyur,2026-08-25,0.0,30.3,63.9,35.1,8.9
3,Chengalpattu,Tambaram,Selaiyur,2026-08-26,0.0,30.3,55.6,35.7,12.9
3,Chengalpattu,Tambaram,Selaiyur,2026-08-27,0.0,32.4,45.6,38.2,19.2
3,Chengalpattu,Tambaram,Selaiyur,2026-08-28,0.0,30.4,57.7,40.7,19.5
3,Chengalpattu,Tambaram,Selaiyur,2026-08-29,32.8,30.3,82.6,85.4,20.3
3,Chengalpattu,Tambaram,Selaiyur,2026-08-30,0.0,29.8,50.2,40.4,19.4
3,Chengalpattu,Tambaram,Selaiyur,2026-08-31,13.1,31.6,72.2,57.5,17.1
3,Chengalpattu,Tambaram,Selaiyur,2026-09-01,2.3,30.8,76.5,63.1,11.7
3,Chengalpattu,Tambaram,Selaiyur,2026-09-02,42.9,31.2,82.2,75.9,14.1
3,Chengalpattu,Tambaram,Selaiyur,2026-09-03,0.0,29.9,67.7,37.3,22.6
3,Chengalpattu,Tambaram,Selaiyur,2026-09-04,0.0,31.8,51.7,38.5,19.5
3,Chengalpattu,Tambaram,Selaiyur,2026-09-05,10.1,30.2,75.0,67.5,10.9
3,Chengalpattu,Tambaram,Selaiyur,2026-09-06,0.0,31.9,70.6,40.4,15.4
3,Chengalpattu,Tambaram,Selaiyur,2026-09-07,0.0,30.1,51.8,45.3,8.1
3,Chengalpattu,Tambaram,Selaiyur,2026-09-08,0.0,29.8,51.1,33.7,15.4
3,Chengalpattu,Tambaram,Selaiyur,2026-09-09,0.0,31.0,65.2,33.2,22.4
3,Chengalpattu,Tambaram,Selaiyur,2026-09-10,0.1,31.5,73.2,50.8,13.5
3,Chengalpattu,Tambaram,Selaiyur,2026-09-11,0.0,31.7,70.5,36.0,18.5
3,Chengalpattu,Tambaram,Selaiyur,2026-09-12,0.0,31.6,45.1,41.2,11.8
3,Chengalpattu,Tambaram,Selaiyur,2026-09-13,125.2,30.4,90.1,67.1,22.7
3,Chengalpattu,Tambaram,Selaiyur,2026-09-14,0.0,31.7,63.0,44.2,23.6
3,Chengalpattu,Tambaram,Selaiyur,2026-09-15,3.1,28.9,81.4,46.9,17.1
3,Chengalpattu,Tambaram,Selaiyur,2026-09-16,0.0,30.0,49.1,33.6,13.0
3,Chengalpattu,Tambaram,Selaiyur,2026-09-17,0.0,31.1,64.1,35.9,12.4
3,Chengalpattu,Tambaram,Selaiyur,2026-09-18,32.7,28.7,87.9,68.6,10.6
3,Chengalpattu,Tambaram,Selaiyur,2026-09-19,0.0,29.9,58.1,43.8,11.3
3,Chengalpattu,Tambaram,Selaiyur,2026-09-20,2.8,29.3,68.2,62.2,21.2
3,Chengalpattu,Tambaram,Selaiyur,2026-09-21,39.0,30.5,83.6,67.1,12.0
3,Chengalpattu,Tambaram,Selaiyur,2026-09-22,0.0,29.3,62.3,31.6,23.9
3,Chengalpattu,Tambaram,Selaiyur,2026-09-23,0.0,28.2,55.6,36.5,12.0
3,Chengalpattu,Tambaram,Selaiyur,2026-09-24,0.0,29.5,46.2,34.1,21.3
3,Chengalpattu,Tambaram,Selaiyur,2026-09-25,37.5,31.2,84.3,79.5,18.3
3,Chengalpattu,Tambaram,Selaiyur,2026-09-26,36.2,29.8,78.4,66.5,22.4
3,Chengalpattu,Tambaram,Selaiyur,2026-09-27,50.9,29.3,92.1,72.6,8.7
3,Chengalpattu,Tambaram,Selaiyur,2026-09-28,18.4,29.3,92.0,74.1,8.5
4,Chengalpattu,Tambaram,Peerkankaranai,2026-04-01,5.2,31.3,68.7,52.0,22.1
4,Chengalpattu,Tambaram,Peerkankaranai,2026-04-02,0.0,29.3,49.4,35.8,14.6
4,Chengalpattu,Tambaram,Peerkankaranai,2026-04-03,7.1,31.0,67.7,50.0,22.2
4,Chengalpattu,Tambaram,Peerkankaranai,2026-04-04,0.0,31.0,66.1,42.8,23.8
4,Chengalpattu,Tambaram,Peerkankaranai,2026-04-05,0.0,31.9,58.3,42.9,22.6
4,Chengalpattu,Tambaram,Peerkankaranai,2026-04-06,0.0,31.1,47.4,43.9,11.5
4,Chengalpattu,Tambaram,Peerkankaranai,2026-04-07,0.0,32.5,43.8,35.9,16.5
4,Chengalpattu,Tambaram,Peerkankaranai,2026-04-08,0.0,32.1,71.2,32.6,18.5
4,Chengalpattu,Tambaram,Peerkankaranai,2026-04-09,0.0,30.5,69.5,34.3,23.9
4,Chengalpattu,Tambaram,Peerkankaranai,2026-04-10,0.0,30.4,65.9,38.1,21.4
4,Chengalpattu,Tambaram,Peerkankaranai,2026-04-11,19.4,32.5,91.7,81.0,22.6
4,Chengalpattu,Tambaram,Peerkankaranai,2026-04-12,0.0,29.9,70.4,43.4,17.0
4,Chengalpattu,Tambaram,Peerkankaranai,2026-04-13,0.0,30.5,68.4,45.0,12.9
4,Chengalpattu,Tambaram,Peerkankaranai,2026-04-14,5.7,31.6,69.4,58.2,8.0
4,Chengalpattu,Tambaram,Peerkankaranai,2026-04-15,0.0,33.0,45.9,36.3,22.7
4,Chengalpattu,Tambaram,Peerkankaranai,2026-04-16,0.0,32.9,42.7,37.5,22.7
4,Chengalpattu,Tambaram,Peerkankaranai,2026-04-17,0.0,32.7,67.8,41.8,14.0
4,Chengalpattu,Tambaram,Peerkankaranai,2026-04-18,0.0,33.3,45.0,39.8,10.2
4,Chengalpattu,Tambaram,Peerkankaranai,2026-04-19,0.0,30.8,65.8,45.8,18.4
4,Chengalpattu,Tambaram,Peerkankaranai,2026-04-20,0.0,30.9,62.8,47.6,20.6
4,Chengalpattu,Tambaram,Peerkankaranai,2026-04-21,0.0,31.1,47.3,31.8,19.0
4,Chengalpattu,Tambaram,Peerkankaranai,2026-04-22,0.0,30.9,70.5,37.7,14.3
4,Chengalpattu,Tambaram,Peerkankaranai,2026-04-23,0.0,33.8,43.0,37.6,22.7
4,Chengalpattu,Tambaram,Peerkankaranai,2026-04-24,0.0,33.7,59.0,41.6,10.3
4,Chengalpattu,Tambaram,Peerkankaranai,2026-04-25,0.0,33.1,71.5,39.0,22.2
4,Chengalpattu,Tambaram,Peerkankaranai,2026-04-26,0.0,31.0,61.2,45.3,15.1
4,Chengalpattu,Tambaram,Peerkankaranai,2026-04-27,0.0,31.6,44.0,43.5,9.7
4,Chengalpattu,Tambaram,Peerkankaranai,2026-04-28,0.0,30.8,64.0,35.8,22.2
4,Chengalpattu,Tambaram,Peerkankaranai,2026-04-29,0.0,32.5,58.4,32.6,15.7
4,Chengalpattu,Tambaram,Peerkankaranai,2026-04-30,0.0,33.7,62.6,35.0,9.2
4,Chengalpattu,Tambaram,Peerkankaranai,2026-05-01,0.0,33.7,51.6,41.7,9.2
4,Chengalpattu,Tambaram,Peerkankaranai,2026-05-02,0.0,31.5,64.0,41.3,22.4
4,Chengalpattu,Tambaram,Peerkankaranai,2026-05-03,0.0,31.3,60.4,42.9,8.5
4,Chengalpattu,Tambaram,Peerkankaranai,2026-05-04,47.6,34.2,80.7,67.3,11.3
4,Chengalpattu,Tambaram,Peerkankaranai,2026-05-05,0.0,31.8,63.7,34.4,12.2
4,Chengalpattu,Tambaram,Peerkankaranai,2026-05-06,0.0,32.1,43.5,35.4,21.4
4,Chengalpattu,Tambaram,Peerkankaranai,2026-05-07,0.0,31.7,54.8,35.8,18.6
4,Chengalpattu,Tambaram,Peerkankaranai,2026-05-08,0.0,33.3,42.8,37.0,12.7
4,Chengalpattu,Tambaram,Peerkankaranai,2026-05-09,0.0,31.6,51.3,40.4,15.8
4,Chengalpattu,Tambaram,Peerkankaranai,2026-05-10,17.0,33.6,81.1,85.4,13.9
4,Chengalpattu,Tambaram,Peerkankaranai,2026-05-11,0.0,32.9,56.0,43.4,12.3
4,Chengalpattu,Tambaram,Peerkankaranai,2026-05-12,0.0,31.7,62.0,30.5,13.5
4,Chengalpattu,Tambaram,Peerkankaranai,2026-05-13,0.0,33.3,59.7,35.3,21.5
4,Chengalpattu,Tambaram,Peerkankaranai,2026-05-14,0.0,34.2,58.1,39.2,15.6
4,Chengalpattu,Tambaram,Peerkankaranai,2026-05-15,0.0,34.5,44.4,41.4,19.4
4,Chengalpattu,Tambaram,Peerkankaranai,2026-05-16,0.0,33.3,66.0,42.1,17.9
4,Chengalpattu,Tambaram,Peerkankaranai,2026-05-17,0.0,32.1,47.2,45.9,23.6
4,Chengalpattu,Tambaram,Peerkankaranai,2026-05-18,11.9,34.4,84.8,55.9,24.0
4,Chengalpattu,Tambaram,Peerkankaranai,2026-05-19,0.0,33.8,49.7,35.5,22.6
4,Chengalpattu,Tambaram,Peerkankaranai,2026-05-20,0.0,32.0,53.9,34.0,12.4
4,Chengalpattu,Tambaram,Peerkankaranai,2026-05-21,0.0,33.3,65.6,37.7,16.4
4,Chengalpattu,Tambaram,Peerkankaranai,2026-05-22,0.0,33.2,46.4,39.5,20.1
4,Chengalpattu,Tambaram,Peerkankaranai,2026-05-23,0.0,35.0,58.9,38.6,12.6
4,Chengalpattu,Tambaram,Peerkankaranai,2026-05-24,0.0,33.7,54.3,42.3,15.8
4,Chengalpattu,Tambaram,Peerkankaranai,2026-05-25,7.0,33.9,67.9,60.2,19.1
4,Chengalpattu,Tambaram,Peerkankaranai,2026-05-26,0.0,32.1,51.9,31.4,19.9
4,Chengalpattu,Tambaram,Peerkankaranai,2026-05-27,0.0,35.0,42.6,36.9,12.8
4,Chengalpattu,Tambaram,Peerkankaranai,2026-05-28,0.0,32.9,62.9,34.6,21.9
4,Chengalpattu,Tambaram,Peerkankaranai,2026-05-29,0.0,32.5,55.3,41.0,12.3
4,Chengalpattu,Tambaram,Peerkankaranai,2026-05-30,0.0,33.5,47.6,39.3,21.2
4,Chengalpattu,Tambaram,Peerkankaranai,2026-05-31,0.0,34.5,68.0,44.9,16.2
4,Chengalpattu,Tambaram,Peerkankaranai,2026-06-01,0.0,32.6,57.2,42.8,21.6
4,Chengalpattu,Tambaram,Peerkankaranai,2026-06-02,4.6,35.0,81.7,65.9,12.0
4,Chengalpattu,Tambaram,Peerkankaranai,2026-06-03,0.0,33.7,63.1,33.6,21.2
4,Chengalpattu,Tambaram,Peerkankaranai,2026-06-04,0.0,33.9,45.7,34.2,14.0
4,Chengalpattu,Tambaram,Peerkankaranai,2026-06-05,44.1,34.2,88.0,73.0,10.6
4,Chengalpattu,Tambaram,Peerkankaranai,2026-06-06,0.0,35.2,62.7,39.7,14.2
4,Chengalpattu,Tambaram,Peerkankaranai,2026-06-07,0.0,32.8,70.9,45.1,18.4
4,Chengalpattu,Tambaram,Peerkankaranai,2026-06-08,0.0,34.5,54.3,42.1,20.5
4,Chengalpattu,Tambaram,Peerkankaranai,2026-06-09,52.4,34.8,89.0,78.8,8.1
4,Chengalpattu,Tambaram,Peerkankaranai,2026-06-10,0.0,33.1,51.2,37.8,18.3
4,Chengalpattu,Tambaram,Peerkankaranai,2026-06-11,0.0,33.7,52.5,35.5,15.5
4,Chengalpattu,Tambaram,Peerkankaranai,2026-06-12,0.0,34.5,53.9,36.6,16.2
4,Chengalpattu,Tambaram,Peerkankaranai,2026-06-13,0.0,34.5,53.2,41.9,17.7
4,Chengalpattu,Tambaram,Peerkankaranai,2026-06-14,1.4,33.3,84.8,61.0,21.8
4,Chengalpattu,Tambaram,Peerkankaranai,2026-06-15,0.0,33.2,68.8,43.8,10.4
4,Chengalpattu,Tambaram,Peerkankaranai,2026-06-16,0.0,34.9,66.2,34.8,17.6
4,Chengalpattu,Tambaram,Peerkankaranai,2026-06-17,0.0,34.5,63.6,35.9,24.0
4,Chengalpattu,Tambaram,Peerkankaranai,2026-06-18,0.0,33.2,53.6,34.2,19.3
4,Chengalpattu,Tambaram,Peerkankaranai,2026-06-19,0.0,34.2,63.8,37.3,16.6
4,Chengalpattu,Tambaram,Peerkankaranai,2026-06-20,0.0,34.9,62.2,41.0,21.5
4,Chengalpattu,Tambaram,Peerkankaranai,2026-06-21,0.0,35.1,47.4,40.6,10.0
4,Chengalpattu,Tambaram,Peerkankaranai,2026-06-22,0.0,33.2,64.9,43.1,18.9
4,Chengalpattu,Tambaram,Peerkankaranai,2026-06-23,9.5,33.4,79.9,52.7,20.6
4,Chengalpattu,Tambaram,Peerkankaranai,2026-06-24,0.0,33.4,50.8,37.1,15.5
4,Chengalpattu,Tambaram,Peerkankaranai,2026-06-25,0.0,35.2,70.3,34.4,22.2
4,Chengalpattu,Tambaram,Peerkankaranai,2026-06-26,0.0,34.0,53.5,37.8,8.9
4,Chengalpattu,Tambaram,Peerkankaranai,2026-06-27,4.8,35.1,73.2,59.2,22.5
4,Chengalpattu,Tambaram,Peerkankaranai,2026-06-28,0.0,33.8,63.5,44.7,15.8
4,Chengalpattu,Tambaram,Peerkankaranai,2026-06-29,21.7,34.4,78.1,71.3,20.2
4,Chengalpattu,Tambaram,Peerkankaranai,2026-06-30,0.0,32.8,56.7,34.6,9.4
4,Chengalpattu,Tambaram,Peerkankaranai,2026-07-01,0.0,34.3,54.1,37.8,14.1
4,Chengalpattu,Tambaram,Peerkankaranai,2026-07-02,0.0,32.4,53.2,34.1,13.2
4,Chengalpattu,Tambaram,Peerkankaranai,2026-07-03,0.0,35.0,62.3,39.8,12.0
4,Chengalpattu,Tambaram,Peerkankaranai,2026-07-04,0.0,34.5,45.9,40.3,17.4
4,Chengalpattu,Tambaram,Peerkankaranai,2026-07-05,0.0,32.8,50.9,41.7,19.6
4,Chengalpattu,Tambaram,Peerkankaranai,2026-07-06,0.0,34.2,68.6,48.0,13.5
4,Chengalpattu,Tambaram,Peerkankaranai,2026-07-07,0.0,35.2,47.7,35.7,22.7
4,Chengalpattu,Tambaram,Peerkankaranai,2026-07-08,0.0,33.5,63.8,32.8,19.7
4,Chengalpattu,Tambaram,Peerkankaranai,2026-07-09,9.9,34.1,78.0,45.9,22.0
4,Chengalpattu,Tambaram,Peerkankaranai,2026-07-10,0.0,33.0,43.5,42.0,18.6
4,Chengalpattu,Tambaram,Peerkankaranai,2026-07-11,25.3,34.2,85.1,73.7,16.8
4,Chengalpattu,Tambaram,Peerkankaranai,2026-07-12,25.7,33.6,88.7,71.9,18.6
4,Chengalpattu,Tambaram,Peerkankaranai,2026-07-13,0.0,34.2,60.2,42.8,21.3
4,Chengalpattu,Tambaram,Peerkankaranai,2026-07-14,0.0,32.4,45.5,30.7,9.7
4,Chengalpattu,Tambaram,Peerkankaranai,2026-07-15,0.0,32.6,49.9,35.1,11.2
4,Chengalpattu,Tambaram,Peerkankaranai,2026-07-16,0.0,34.3,43.2,37.0,11.3
4,Chengalpattu,Tambaram,Peerkankaranai,2026-07-17,0.0,35.0,42.1,40.0,22.5
4,Chengalpattu,Tambaram,Peerkankaranai,2026-07-18,0.0,34.6,46.5,38.5,16.2
4,Chengalpattu,Tambaram,Peerkankaranai,2026-07-19,6.4,34.2,69.6,69.7,12.7
4,Chengalpattu,Tambaram,Peerkankaranai,2026-07-20,4.1,33.4,65.8,52.3,20.8
4,Chengalpattu,Tambaram,Peerkankaranai,2026-07-21,0.0,32.8,44.8,34.5,8.7
4,Chengalpattu,Tambaram,Peerkankaranai,2026-07-22,0.0,34.6,47.1,34.1,15.0
4,Chengalpattu,Tambaram,Peerkankaranai,2026-07-23,0.0,33.8,44.8,38.9,10.9
4,Chengalpattu,Tambaram,Peerkankaranai,2026-07-24,0.0,33.0,50.2,38.3,21.6
4,Chengalpattu,Tambaram,Peerkankaranai,2026-07-25,0.0,34.3,65.9,38.7,19.1
4,Chengalpattu,Tambaram,Peerkankaranai,2026-07-26,0.0,31.8,46.8,42.5,17.5
4,Chengalpattu,Tambaram,Peerkankaranai,2026-07-27,0.0,34.2,47.4,44.3,13.7
4,Chengalpattu,Tambaram,Peerkankaranai,2026-07-28,0.0,31.6,67.2,35.8,10.1
4,Chengalpattu,Tambaram,Peerkankaranai,2026-07-29,11.4,34.5,65.9,51.5,13.0
4,Chengalpattu,Tambaram,Peerkankaranai,2026-07-30,0.0,33.8,65.0,37.5,17.0
4,Chengalpattu,Tambaram,Peerkankaranai,2026-07-31,0.0,34.6,52.1,39.1,19.2
4,Chengalpattu,Tambaram,Peerkankaranai,2026-08-01,0.0,31.7,49.5,40.1,18.8
4,Chengalpattu,Tambaram,Peerkankaranai,2026-08-02,0.0,32.6,58.8,45.9,8.9
4,Chengalpattu,Tambaram,Peerkankaranai,2026-08-03,40.8,33.4,92.5,85.0,9.2
4,Chengalpattu,Tambaram,Peerkankaranai,2026-08-04,0.0,32.8,71.1,30.3,11.6
4,Chengalpattu,Tambaram,Peerkankaranai,2026-08-05,0.0,33.3,49.0,34.8,20.8
4,Chengalpattu,Tambaram,Peerkankaranai,2026-08-06,0.0,32.6,55.4,34.7,16.0
4,Chengalpattu,Tambaram,Peerkankaranai,2026-08-07,11.5,33.2,76.1,45.0,9.5
4,Chengalpattu,Tambaram,Peerkankaranai,2026-08-08,0.0,33.0,51.1,41.1,11.3
4,Chengalpattu,Tambaram,Peerkankaranai,2026-08-09,0.0,33.2,52.9,40.3,11.6
4,Chengalpattu,Tambaram,Peerkankaranai,2026-08-10,0.0,32.4,60.6,44.8,18.5
4,Chengalpattu,Tambaram,Peerkankaranai,2026-08-11,30.8,33.2,81.8,72.9,21.3
4,Chengalpattu,Tambaram,Peerkankaranai,2026-08-12,0.0,34.0,57.7,36.2,8.7
4,Chengalpattu,Tambaram,Peerkankaranai,2026-08-13,27.3,31.3,90.3,67.5,17.8
4,Chengalpattu,Tambaram,Peerkankaranai,2026-08-14,0.0,31.3,53.8,38.7,20.5
4,Chengalpattu,Tambaram,Peerkankaranai,2026-08-15,11.6,33.0,83.5,65.9,17.4
4,Chengalpattu,Tambaram,Peerkankaranai,2026-08-16,0.0,33.1,61.8,45.7,10.2
4,Chengalpattu,Tambaram,Peerkankaranai,2026-08-17,0.0,32.2,43.5,47.6,21.4
4,Chengalpattu,Tambaram,Peerkankaranai,2026-08-18,0.0,32.1,69.6,31.1,17.3
4,Chengalpattu,Tambaram,Peerkankaranai,2026-08-19,10.6,32.8,77.0,67.1,16.1
4,Chengalpattu,Tambaram,Peerkankaranai,2026-08-20,0.0,31.6,69.5,38.6,12.4
4,Chengalpattu,Tambaram,Peerkankaranai,2026-08-21,0.0,33.5,55.6,36.8,14.6
4,Chengalpattu,Tambaram,Peerkankaranai,2026-08-22,0.0,32.5,51.0,42.2,21.8
4,Chengalpattu,Tambaram,Peerkankaranai,2026-08-23,0.0,32.5,61.0,41.2,18.0
4,Chengalpattu,Tambaram,Peerkankaranai,2026-08-24,24.1,31.1,94.7,80.0,23.3
4,Chengalpattu,Tambaram,Peerkankaranai,2026-08-25,0.0,31.7,51.7,30.7,13.6
4,Chengalpattu,Tambaram,Peerkankaranai,2026-08-26,0.0,31.6,62.0,34.5,20.0
4,Chengalpattu,Tambaram,Peerkankaranai,2026-08-27,40.6,32.7,91.7,77.0,8.4
4,Chengalpattu,Tambaram,Peerkankaranai,2026-08-28,0.0,30.3,48.0,40.5,10.6
4,Chengalpattu,Tambaram,Peerkankaranai,2026-08-29,39.5,30.7,89.7,71.8,20.1
4,Chengalpattu,Tambaram,Peerkankaranai,2026-08-30,0.0,29.8,45.1,45.2,19.8
4,Chengalpattu,Tambaram,Peerkankaranai,2026-08-31,0.0,32.5,58.8,43.4,20.5
4,Chengalpattu,Tambaram,Peerkankaranai,2026-09-01,23.6,32.2,93.8,73.9,23.3
4,Chengalpattu,Tambaram,Peerkankaranai,2026-09-02,17.3,32.7,78.2,70.8,17.9
4,Chengalpattu,Tambaram,Peerkankaranai,2026-09-03,0.0,32.0,66.9,39.5,19.3
4,Chengalpattu,Tambaram,Peerkankaranai,2026-09-04,0.0,31.5,58.4,39.6,20.4
4,Chengalpattu,Tambaram,Peerkankaranai,2026-09-05,4.2,32.5,78.7,49.7,10.8
4,Chengalpattu,Tambaram,Peerkankaranai,2026-09-06,0.0,31.0,54.9,43.3,10.1
4,Chengalpattu,Tambaram,Peerkankaranai,2026-09-07,8.7,31.1,79.2,48.9,10.5
4,Chengalpattu,Tambaram,Peerkankaranai,2026-09-08,58.2,30.2,88.5,80.2,15.8
4,Chengalpattu,Tambaram,Peerkankaranai,2026-09-09,0.0,30.9,65.5,33.9,11.5
4,Chengalpattu,Tambaram,Peerkankaranai,2026-09-10,15.2,29.6,85.1,77.4,9.5
4,Chengalpattu,Tambaram,Peerkankaranai,2026-09-11,8.7,29.7,72.2,50.5,20.0
4,Chengalpattu,Tambaram,Peerkankaranai,2026-09-12,0.0,30.6,66.7,43.9,8.1
4,Chengalpattu,Tambaram,Peerkankaranai,2026-09-13,0.0,31.0,69.1,43.7,17.9
4,Chengalpattu,Tambaram,Peerkankaranai,2026-09-14,0.0,31.9,51.6,47.5,23.1
4,Chengalpattu,Tambaram,Peerkankaranai,2026-09-15,0.0,29.9,50.5,35.5,21.2
4,Chengalpattu,Tambaram,Peerkankaranai,2026-09-16,0.0,29.8,55.4,32.3,22.4
4,Chengalpattu,Tambaram,Peerkankaranai,2026-09-17,0.0,29.1,70.4,35.0,23.3
4,Chengalpattu,Tambaram,Peerkankaranai,2026-09-18,1.5,30.2,78.4,64.3,21.8
4,Chengalpattu,Tambaram,Peerkankaranai,2026-09-19,16.7,29.8,89.9,87.5,20.4
4,Chengalpattu,Tambaram,Peerkankaranai,2026-09-20,0.0,30.4,64.4,40.9,15.3
4,Chengalpattu,Tambaram,Peerkankaranai,2026-09-21,1.2,29.3,80.9,59.0,17.2
4,Chengalpattu,Tambaram,Peerkankaranai,2026-09-22,10.6,28.9,77.6,55.8,8.3
4,Chengalpattu,Tambaram,Peerkankaranai,2026-09-23,0.0,30.3,61.2,35.7,20.1
4,Chengalpattu,Tambaram,Peerkankaranai,2026-09-24,0.0,30.0,44.2,39.6,9.7
4,Chengalpattu,Tambaram,Peerkankaranai,2026-09-25,2.0,30.6,80.3,55.9,14.3
4,Chengalpattu,Tambaram,Peerkankaranai,2026-09-26,0.0,30.1,58.0,38.8,14.3
4,Chengalpattu,Tambaram,Peerkankaranai,2026-09-27,0.0,30.5,70.8,40.9,18.8
4,Chengalpattu,Tambaram,Peerkankaranai,2026-09-28,0.0,30.8,63.9,44.2,23.2
5,Chengalpattu,Kattankulathur,Potheri,2026-04-01,0.0,31.0,45.7,32.0,17.5
5,Chengalpattu,Kattankulathur,Potheri,2026-04-02,0.0,31.0,51.1,38.5,22.5
5,Chengalpattu,Kattankulathur,Potheri,2026-04-03,0.0,30.4,61.4,39.1,10.6
5,Chengalpattu,Kattankulathur,Potheri,2026-04-04,0.0,30.1,47.8,39.1,20.8
5,Chengalpattu,Kattankulathur,Potheri,2026-04-05,0.0,32.2,70.0,46.0,15.4
5,Chengalpattu,Kattankulathur,Potheri,2026-04-06,0.0,31.3,44.0,42.6,19.6
5,Chengalpattu,Kattankulathur,Potheri,2026-04-07,0.0,31.1,45.8,33.9,9.6
5,Chengalpattu,Kattankulathur,Potheri,2026-04-08,0.0,31.6,51.5,34.7,17.9
5,Chengalpattu,Kattankulathur,Potheri,2026-04-09,0.0,30.7,59.0,36.2,13.1
5,Chengalpattu,Kattankulathur,Potheri,2026-04-10,6.1,31.1,69.4,63.5,15.0
5,Chengalpattu,Kattankulathur,Potheri,2026-04-11,28.5,32.6,92.9,75.6,13.7
5,Chengalpattu,Kattankulathur,Potheri,2026-04-12,0.0,30.9,47.3,43.6,21.5
5,Chengalpattu,Kattankulathur,Potheri,2026-04-13,16.7,32.7,82.5,85.4,9.2
5,Chengalpattu,Kattankulathur,Potheri,2026-04-14,15.3,30.2,78.5,78.4,14.5
5,Chengalpattu,Kattankulathur,Potheri,2026-04-15,0.0,32.0,58.5,35.3,24.0
5,Chengalpattu,Kattankulathur,Potheri,2026-04-16,0.0,31.7,53.0,35.3,20.4
5,Chengalpattu,Kattankulathur,Potheri,2026-04-17,0.0,32.6,55.9,39.1,14.3
5,Chengalpattu,Kattankulathur,Potheri,2026-04-18,0.0,31.9,67.4,42.8,17.8
5,Chengalpattu,Kattankulathur,Potheri,2026-04-19,0.0,30.8,55.4,41.1,23.2
5,Chengalpattu,Kattankulathur,Potheri,2026-04-20,0.0,32.5,64.1,44.9,13.7
5,Chengalpattu,Kattankulathur,Potheri,2026-04-21,0.0,31.1,43.9,32.2,8.7
5,Chengalpattu,Kattankulathur,Potheri,2026-04-22,0.0,31.1,52.8,34.8,15.3
5,Chengalpattu,Kattankulathur,Potheri,2026-04-23,0.0,30.7,51.7,38.2,16.3
5,Chengalpattu,Kattankulathur,Potheri,2026-04-24,0.0,33.3,49.9,39.3,10.8
5,Chengalpattu,Kattankulathur,Potheri,2026-04-25,0.0,32.8,61.6,43.0,16.3
5,Chengalpattu,Kattankulathur,Potheri,2026-04-26,0.0,31.9,57.5,42.1,21.9
5,Chengalpattu,Kattankulathur,Potheri,2026-04-27,0.0,32.4,60.1,45.0,10.2
5,Chengalpattu,Kattankulathur,Potheri,2026-04-28,22.3,31.4,81.6,69.3,13.8
5,Chengalpattu,Kattankulathur,Potheri,2026-04-29,5.7,33.2,81.2,63.0,15.7
5,Chengalpattu,Kattankulathur,Potheri,2026-04-30,0.0,32.5,46.8,39.0,8.4
5,Chengalpattu,Kattankulathur,Potheri,2026-05-01,0.0,31.1,46.8,39.8,8.6
5,Chengalpattu,Kattankulathur,Potheri,2026-05-02,6.5,32.9,68.6,69.0,17.6
5,Chengalpattu,Kattankulathur,Potheri,2026-05-03,27.5,32.9,89.2,71.5,9.4
5,Chengalpattu,Kattankulathur,Potheri,2026-05-04,0.0,32.6,68.0,43.0,21.3
5,Chengalpattu,Kattankulathur,Potheri,2026-05-05,0.0,33.2,66.6,31.1,18.6
5,Chengalpattu,Kattankulathur,Potheri,2026-05-06,0.0,32.1,52.3,34.7,17.4
5,Chengalpattu,Kattankulathur,Potheri,2026-05-07,0.0,32.0,45.3,35.2,21.8
5,Chengalpattu,Kattankulathur,Potheri,2026-05-08,0.0,33.0,46.5,36.6,15.6
5,Chengalpattu,Kattankulathur,Potheri,2026-05-09,33.1,33.4,86.6,67.7,15.7
5,Chengalpattu,Kattankulathur,Potheri,2026-05-10,0.0,31.8,66.8,45.4,20.4
5,Chengalpattu,Kattankulathur,Potheri,2026-05-11,0.0,33.6,53.1,42.3,16.5
5,Chengalpattu,Kattankulathur,Potheri,2026-05-12,0.0,32.2,65.7,32.3,17.4
5,Chengalpattu,Kattankulathur,Potheri,2026-05-13,0.0,34.0,62.9,32.6,10.1
5,Chengalpattu,Kattankulathur,Potheri,2026-05-14,0.0,33.2,67.8,35.7,22.0
5,Chengalpattu,Kattankulathur,Potheri,2026-05-15,0.0,33.0,63.3,40.7,17.2
5,Chengalpattu,Kattankulathur,Potheri,2026-05-16,23.0,32.0,89.7,72.3,13.8
5,Chengalpattu,Kattankulathur,Potheri,2026-05-17,0.0,32.2,49.6,45.1,14.8
5,Chengalpattu,Kattankulathur,Potheri,2026-05-18,0.0,32.9,62.4,46.5,14.6
5,Chengalpattu,Kattankulathur,Potheri,2026-05-19,0.0,34.4,53.1,33.3,12.1
5,Chengalpattu,Kattankulathur,Potheri,2026-05-20,0.0,32.8,63.2,36.4,21.7
5,Chengalpattu,Kattankulathur,Potheri,2026-05-21,0.0,34.0,55.4,38.2,10.6
5,Chengalpattu,Kattankulathur,Potheri,2026-05-22,0.0,32.6,52.2,39.3,19.2
5,Chengalpattu,Kattankulathur,Potheri,2026-05-23,72.1,34.2,78.1,67.1,10.3
5,Chengalpattu,Kattankulathur,Potheri,2026-05-24,0.0,35.0,43.9,41.3,9.3
5,Chengalpattu,Kattankulathur,Potheri,2026-05-25,0.0,32.1,71.5,45.7,16.3
5,Chengalpattu,Kattankulathur,Potheri,2026-05-26,0.0,34.3,70.4,34.9,18.2
5,Chengalpattu,Kattankulathur,Potheri,2026-05-27,0.0,33.5,61.7,36.8,12.6
5,Chengalpattu,Kattankulathur,Potheri,2026-05-28,0.0,32.2,57.5,35.4,10.7
5,Chengalpattu,Kattankulathur,Potheri,2026-05-29,0.0,32.2,42.0,36.9,23.9
5,Chengalpattu,Kattankulathur,Potheri,2026-05-30,0.0,34.7,53.9,41.5,16.3
5,Chengalpattu,Kattankulathur,Potheri,2026-05-31,2.0,34.6,70.7,65.7,22.6
5,Chengalpattu,Kattankulathur,Potheri,2026-06-01,0.0,33.3,50.3,45.6,11.1
5,Chengalpattu,Kattankulathur,Potheri,2026-06-02,0.0,35.2,49.8,32.4,9.7
5,Chengalpattu,Kattankulathur,Potheri,2026-06-03,0.0,32.4,70.4,36.8,23.3
5,Chengalpattu,Kattankulathur,Potheri,2026-06-04,0.0,35.1,59.2,38.2,23.5
5,Chengalpattu,Kattankulathur,Potheri,2026-06-05,0.0,34.1,64.7,41.8,15.3
5,Chengalpattu,Kattankulathur,Potheri,2026-06-06,0.0,33.8,42.8,38.7,9.1
5,Chengalpattu,Kattankulathur,Potheri,2026-06-07,0.0,34.4,62.3,41.4,13.1
5,Chengalpattu,Kattankulathur,Potheri,2026-06-08,0.0,35.4,42.3,47.0,12.0
5,Chengalpattu,Kattankulathur,Potheri,2026-06-09,0.0,32.6,66.6,30.5,22.9
5,Chengalpattu,Kattankulathur,Potheri,2026-06-10,0.0,33.9,68.8,33.6,23.2
5,Chengalpattu,Kattankulathur,Potheri,2026-06-11,0.0,34.6,57.0,35.2,19.8
5,Chengalpattu,Kattankulathur,Potheri,2026-06-12,0.0,35.2,48.1,37.5,17.9
5,Chengalpattu,Kattankulathur,Potheri,2026-06-13,54.6,32.9,89.5,80.3,17.8
5,Chengalpattu,Kattankulathur,Potheri,2026-06-14,0.0,34.9,43.3,42.9,17.9
5,Chengalpattu,Kattankulathur,Potheri,2026-06-15,0.0,34.0,68.9,47.2,15.9
5,Chengalpattu,Kattankulathur,Potheri,2026-06-16,0.0,35.6,50.4,31.3,17.2
5,Chengalpattu,Kattankulathur,Potheri,2026-06-17,0.0,32.5,56.3,35.2,16.0
5,Chengalpattu,Kattankulathur,Potheri,2026-06-18,0.0,33.7,47.2,39.9,19.2
5,Chengalpattu,Kattankulathur,Potheri,2026-06-19,0.0,33.9,42.4,37.3,17.3
5,Chengalpattu,Kattankulathur,Potheri,2026-06-20,0.0,33.4,49.8,41.3,11.8
5,Chengalpattu,Kattankulathur,Potheri,2026-06-21,0.0,33.9,53.0,43.0,11.4
5,Chengalpattu,Kattankulathur,Potheri,2026-06-22,0.0,34.7,67.6,43.7,10.9
5,Chengalpattu,Kattankulathur,Potheri,2026-06-23,0.0,32.8,48.9,30.6,12.3
5,Chengalpattu,Kattankulathur,Potheri,2026-06-24,0.0,33.1,53.4,32.9,23.3
5,Chengalpattu,Kattankulathur,Potheri,2026-06-25,0.0,32.9,47.3,37.0,23.9
5,Chengalpattu,Kattankulathur,Potheri,2026-06-26,0.0,35.2,63.6,40.7,12.8
5,Chengalpattu,Kattankulathur,Potheri,2026-06-27,0.0,34.2,54.0,42.1,9.0
5,Chengalpattu,Kattankulathur,Potheri,2026-06-28,0.0,35.0,60.9,42.7,13.4
5,Chengalpattu,Kattankulathur,Potheri,2026-06-29,0.0,33.5,70.0,43.5,8.3
5,Chengalpattu,Kattankulathur,Potheri,2026-06-30,0.0,32.7,70.9,31.2,17.2
5,Chengalpattu,Kattankulathur,Potheri,2026-07-01,32.7,34.4,84.0,80.5,15.8
5,Chengalpattu,Kattankulathur,Potheri,2026-07-02,0.0,34.7,53.4,35.7,18.1
5,Chengalpattu,Kattankulathur,Potheri,2026-07-03,35.6,32.8,83.7,79.5,17.1
5,Chengalpattu,Kattankulathur,Potheri,2026-07-04,3.8,35.1,69.6,52.9,12.7
5,Chengalpattu,Kattankulathur,Potheri,2026-07-05,0.0,33.1,50.1,42.7,21.8
5,Chengalpattu,Kattankulathur,Potheri,2026-07-06,0.0,33.4,71.0,44.5,10.9
5,Chengalpattu,Kattankulathur,Potheri,2026-07-07,0.0,32.3,61.9,35.6,19.2
5,Chengalpattu,Kattankulathur,Potheri,2026-07-08,2.3,32.4,66.3,67.0,16.8
5,Chengalpattu,Kattankulathur,Potheri,2026-07-09,0.0,32.3,64.9,34.5,12.2
5,Chengalpattu,Kattankulathur,Potheri,2026-07-10,0.0,32.7,68.6,37.9,12.0
5,Chengalpattu,Kattankulathur,Potheri,2026-07-11,0.0,33.1,45.9,43.0,8.5
5,Chengalpattu,Kattankulathur,Potheri,2026-07-12,0.0,34.3,51.8,42.9,23.6
5,Chengalpattu,Kattankulathur,Potheri,2026-07-13,0.0,33.9,55.3,47.8,19.2
5,Chengalpattu,Kattankulathur,Potheri,2026-07-14,0.0,32.6,60.9,33.8,17.0
5,Chengalpattu,Kattankulathur,Potheri,2026-07-15,0.0,33.7,51.3,34.1,16.6
5,Chengalpattu,Kattankulathur,Potheri,2026-07-16,0.0,34.6,53.0,35.6,12.9
5,Chengalpattu,Kattankulathur,Potheri,2026-07-17,0.0,32.0,67.4,38.1,15.5
5,Chengalpattu,Kattankulathur,Potheri,2026-07-18,0.0,32.0,70.4,40.9,8.1
5,Chengalpattu,Kattankulathur,Potheri,2026-07-19,0.0,33.3,48.9,40.0,14.0
5,Chengalpattu,Kattankulathur,Potheri,2026-07-20,0.0,33.2,53.8,43.0,19.8
5,Chengalpattu,Kattankulathur,Potheri,2026-07-21,0.0,33.1,49.9,32.5,11.8
5,Chengalpattu,Kattankulathur,Potheri,2026-07-22,0.0,34.3,66.2,36.1,12.6
5,Chengalpattu,Kattankulathur,Potheri,2026-07-23,0.0,34.2,54.4,39.1,10.9
5,Chengalpattu,Kattankulathur,Potheri,2026-07-24,0.0,32.7,60.5,37.6,18.0
5,Chengalpattu,Kattankulathur,Potheri,2026-07-25,1.1,32.3,75.7,49.6,9.6
5,Chengalpattu,Kattankulathur,Potheri,2026-07-26,0.0,32.5,63.8,41.4,10.4
5,Chengalpattu,Kattankulathur,Potheri,2026-07-27,0.0,33.2,51.3,46.8,24.0
5,Chengalpattu,Kattankulathur,Potheri,2026-07-28,0.0,33.1,51.9,35.1,23.2
5,Chengalpattu,Kattankulathur,Potheri,2026-07-29,0.0,31.7,44.1,34.8,11.1
5,Chengalpattu,Kattankulathur,Potheri,2026-07-30,0.0,34.2,66.8,34.7,20.3
5,Chengalpattu,Kattankulathur,Potheri,2026-07-31,0.0,32.2,55.3,40.4,8.5
5,Chengalpattu,Kattankulathur,Potheri,2026-08-01,0.0,32.9,57.6,43.9,15.6
5,Chengalpattu,Kattankulathur,Potheri,2026-08-02,0.0,33.6,51.7,43.8,8.7
5,Chengalpattu,Kattankulathur,Potheri,2026-08-03,0.0,34.4,49.6,45.8,11.2
5,Chengalpattu,Kattankulathur,Potheri,2026-08-04,0.0,34.2,48.5,30.7,18.1
5,Chengalpattu,Kattankulathur,Potheri,2026-08-05,7.0,32.3,67.4,64.7,8.1
5,Chengalpattu,Kattankulathur,Potheri,2026-08-06,0.0,31.3,56.3,37.6,13.9
5,Chengalpattu,Kattankulathur,Potheri,2026-08-07,2.1,31.4,77.4,68.3,24.0
5,Chengalpattu,Kattankulathur,Potheri,2026-08-08,22.3,33.1,89.9,83.2,10.0
5,Chengalpattu,Kattankulathur,Potheri,2026-08-09,0.0,31.8,65.7,44.5,20.9
5,Chengalpattu,Kattankulathur,Potheri,2026-08-10,0.0,32.4,62.7,44.1,10.2
5,Chengalpattu,Kattankulathur,Potheri,2026-08-11,0.0,33.9,55.1,31.8,19.2
5,Chengalpattu,Kattankulathur,Potheri,2026-08-12,0.0,31.5,52.4,36.4,12.4
5,Chengalpattu,Kattankulathur,Potheri,2026-08-13,0.0,33.5,58.6,34.4,10.5
5,Chengalpattu,Kattankulathur,Potheri,2026-08-14,9.9,31.7,65.0,61.0,14.1
5,Chengalpattu,Kattankulathur,Potheri,2026-08-15,42.0,31.3,91.2,70.5,19.5
5,Chengalpattu,Kattankulathur,Potheri,2026-08-16,0.0,32.8,53.6,43.1,16.0
5,Chengalpattu,Kattankulathur,Potheri,2026-08-17,0.0,32.4,51.7,45.8,9.8
5,Chengalpattu,Kattankulathur,Potheri,2026-08-18,38.9,32.2,80.2,85.1,11.2
5,Chengalpattu,Kattankulathur,Potheri,2026-08-19,18.3,32.0,92.2,80.1,16.4
5,Chengalpattu,Kattankulathur,Potheri,2026-08-20,9.9,32.7,77.1,46.8,22.9
5,Chengalpattu,Kattankulathur,Potheri,2026-08-21,0.0,31.0,68.7,36.5,20.8
5,Chengalpattu,Kattankulathur,Potheri,2026-08-22,0.0,30.5,70.1,40.5,13.9
5,Chengalpattu,Kattankulathur,Potheri,2026-08-23,0.0,32.5,50.0,40.2,9.1
5,Chengalpattu,Kattankulathur,Potheri,2026-08-24,0.0,31.1,70.8,42.6,19.6
5,Chengalpattu,Kattankulathur,Potheri,2026-08-25,16.1,31.8,82.2,79.4,10.9
5,Chengalpattu,Kattankulathur,Potheri,2026-08-26,0.0,32.5,45.2,35.8,13.7
5,Chengalpattu,Kattankulathur,Potheri,2026-08-27,0.0,31.5,68.5,35.0,10.9
5,Chengalpattu,Kattankulathur,Potheri,2026-08-28,3.7,31.2,85.0,56.1,13.6
5,Chengalpattu,Kattankulathur,Potheri,2026-08-29,0.0,30.9,51.7,40.2,20.2
5,Chengalpattu,Kattankulathur,Potheri,2026-08-30,0.0,31.2,60.3,43.4,11.4
5,Chengalpattu,Kattankulathur,Potheri,2026-08-31,0.0,32.2,49.6,47.8,15.2
5,Chengalpattu,Kattankulathur,Potheri,2026-09-01,0.0,30.9,71.5,33.6,16.3
5,Chengalpattu,Kattankulathur,Potheri,2026-09-02,7.7,32.8,69.4,66.4,8.3
5,Chengalpattu,Kattankulathur,Potheri,2026-09-03,0.0,32.2,50.3,37.3,16.9
5,Chengalpattu,Kattankulathur,Potheri,2026-09-04,0.8,32.5,72.1,48.5,13.9
5,Chengalpattu,Kattankulathur,Potheri,2026-09-05,36.0,31.3,79.6,74.2,22.7
5,Chengalpattu,Kattankulathur,Potheri,2026-09-06,0.0,31.7,65.8,41.0,21.2
5,Chengalpattu,Kattankulathur,Potheri,2026-09-07,0.0,31.5,69.2,45.6,12.8
5,Chengalpattu,Kattankulathur,Potheri,2026-09-08,0.0,31.6,44.4,30.3,20.3
5,Chengalpattu,Kattankulathur,Potheri,2026-09-09,0.0,30.2,54.5,37.2,21.9
5,Chengalpattu,Kattankulathur,Potheri,2026-09-10,0.0,29.8,60.1,34.1,20.4
5,Chengalpattu,Kattankulathur,Potheri,2026-09-11,0.9,30.2,75.8,48.7,16.0
5,Chengalpattu,Kattankulathur,Potheri,2026-09-12,28.4,29.6,84.7,75.2,17.5
5,Chengalpattu,Kattankulathur,Potheri,2026-09-13,7.4,30.5,72.9,48.3,9.3
5,Chengalpattu,Kattankulathur,Potheri,2026-09-14,11.0,30.6,66.7,57.5,20.4
5,Chengalpattu,Kattankulathur,Potheri,2026-09-15,17.7,29.1,86.3,80.0,11.1
5,Chengalpattu,Kattankulathur,Potheri,2026-09-16,0.0,30.6,49.4,32.4,20.4
5,Chengalpattu,Kattankulathur,Potheri,2026-09-17,0.0,29.6,44.7,38.0,14.8
5,Chengalpattu,Kattankulathur,Potheri,2026-09-18,19.5,29.6,78.4,72.0,23.8
5,Chengalpattu,Kattankulathur,Potheri,2026-09-19,0.0,30.4,55.3,38.9,8.7
5,Chengalpattu,Kattankulathur,Potheri,2026-09-20,10.1,31.0,80.2,66.3,9.8
5,Chengalpattu,Kattankulathur,Potheri,2026-09-21,0.0,28.4,69.8,47.2,21.1
5,Chengalpattu,Kattankulathur,Potheri,2026-09-22,0.0,28.2,45.3,32.7,8.4
5,Chengalpattu,Kattankulathur,Potheri,2026-09-23,0.0,28.8,48.1,35.1,12.1
5,Chengalpattu,Kattankulathur,Potheri,2026-09-24,0.0,29.7,46.2,38.2,8.3
5,Chengalpattu,Kattankulathur,Potheri,2026-09-25,0.0,29.9,43.3,37.0,12.5
5,Chengalpattu,Kattankulathur,Potheri,2026-09-26,0.0,30.5,43.6,41.9,8.1
5,Chengalpattu,Kattankulathur,Potheri,2026-09-27,41.3,29.1,89.2,84.9,8.3
5,Chengalpattu,Kattankulathur,Potheri,2026-09-28,0.0,30.7,48.9,44.3,23.6
